ID,Number,Name,Type1,Type2,Total,HP,Atk,Def,SpAtk,SpDef,Spd,Species,Height,Weight
1,001,Bulbasaur,Grass,Poison,318,45,49,49,65,65,45,Seed Pokémon,0.7 m,6.9 kg
2,002,Ivysaur,Grass,Poison,405,60,62,63,80,80,60,Seed Pokémon,1.0 m,13.0 kg
3,003,Venusaur,Grass,Poison,525,80,82,83,100,100,80,Seed Pokémon,2.0 m,100.0 kg
4,003,Venusaur(Mega Venusaur),Grass,Poison,625,80,100,123,122,120,80,Seed Pokémon,2.4 m,155.5 kg
5,004,Charmander,Fire,,309,39,52,43,60,50,65,Lizard Pokémon,0.6 m,8.5 kg
6,005,Charmeleon,Fire,,405,58,64,58,80,65,80,Flame Pokémon,1.1 m,19.0 kg
7,006,Charizard,Fire,Flying,534,78,84,78,109,85,100,Flame Pokémon,1.7 m,90.5 kg
8,006,Charizard(Mega Charizard X),Fire,Dragon,634,78,130,111,130,85,100,Flame Pokémon,1.7 m,110.5 kg
9,006,Charizard(Mega Charizard Y),Fire,Flying,634,78,104,78,159,115,100,Flame Pokémon,1.7 m,100.5 kg
10,007,Squirtle,Water,,314,44,48,65,50,64,43,Tiny Turtle Pokémon,0.5 m,9.0 kg
11,008,Wartortle,Water,,405,59,63,80,65,80,58,Turtle Pokémon,1.0 m,22.5 kg
12,009,Blastoise,Water,,530,79,83,100,85,105,78,Shellfish Pokémon,1.6 m,85.5 kg
13,009,Blastoise(Mega Blastoise),Water,,630,79,103,120,135,115,78,Shellfish Pokémon,1.6 m,101.1 kg
14,010,Caterpie,Bug,,195,45,30,35,20,20,45,Worm Pokémon,0.3 m,2.9 kg
15,011,Metapod,Bug,,205,50,20,55,25,25,30,Cocoon Pokémon,0.7 m,9.9 kg
16,012,Butterfree,Bug,Flying,395,60,45,50,90,80,70,Butterfly Pokémon,1.1 m,32.0 kg
17,013,Weedle,Bug,Poison,195,40,35,30,20,20,50,Hairy Bug Pokémon,0.3 m,3.2 kg
18,014,Kakuna,Bug,Poison,205,45,25,50,25,25,35,Cocoon Pokémon,0.6 m,10.0 kg
19,015,Beedrill,Bug,Poison,395,65,90,40,45,80,75,Poison Bee Pokémon,1.0 m,29.5 kg
20,015,Beedrill(Mega Beedrill),Bug,Poison,495,65,150,40,15,80,145,Poison Bee Pokémon,1.4 m,40.5 kg
21,016,Pidgey,Normal,Flying,251,40,45,40,35,35,56,Tiny Bird Pokémon,0.3 m,1.8 kg
22,017,Pidgeotto,Normal,Flying,349,63,60,55,50,50,71,Bird Pokémon,1.1 m,30.0 kg
23,018,Pidgeot,Normal,Flying,479,83,80,75,70,70,101,Bird Pokémon,1.5 m,39.5 kg
24,018,Pidgeot(Mega Pidgeot),Normal,Flying,579,83,80,80,135,80,121,Bird Pokémon,2.2 m,50.5 kg
25,019,Rattata,Normal,,253,30,56,35,25,35,72,Mouse Pokémon,0.3 m,3.5 kg
26,019,Rattata(Alolan Rattata),Dark,Normal,253,30,56,35,25,35,72,Mouse Pokémon,0.3 m,3.8 kg
27,020,Raticate,Normal,,413,55,81,60,50,70,97,Mouse Pokémon,0.7 m,18.5 kg
28,020,Raticate(Alolan Raticate),Dark,Normal,413,75,71,70,40,80,77,Mouse Pokémon,0.7 m,25.5 kg
29,021,Spearow,Normal,Flying,262,40,60,30,31,31,70,Tiny Bird Pokémon,0.3 m,2.0 kg
30,022,Fearow,Normal,Flying,442,65,90,65,61,61,100,Beak Pokémon,1.2 m,38.0 kg
31,023,Ekans,Poison,,288,35,60,44,40,54,55,Snake Pokémon,2.0 m,6.9 kg
32,024,Arbok,Poison,,448,60,95,69,65,79,80,Cobra Pokémon,3.5 m,65.0 kg
33,025,Pikachu,Electric,,320,35,55,40,50,50,90,Mouse Pokémon,0.4 m,6.0 kg
34,025,Pikachu(Partner Pikachu),Electric,,430,45,80,50,75,60,120,Mouse Pokémon,0.4 m,6.0 kg
35,026,Raichu,Electric,,485,60,90,55,90,80,110,Mouse Pokémon,0.8 m,30.0 kg
36,026,Raichu(Alolan Raichu),Electric,Psychic,485,60,85,50,95,85,110,Mouse Pokémon,0.7 m,21.0 kg
37,027,Sandshrew,Ground,,300,50,75,85,20,30,40,Mouse Pokémon,0.6 m,12.0 kg
38,027,Sandshrew(Alolan Sandshrew),Ice,Steel,300,50,75,90,10,35,40,Mouse Pokémon,0.7 m,40.0 kg
39,028,Sandslash,Ground,,450,75,100,110,45,55,65,Mouse Pokémon,1.0 m,29.5 kg
40,028,Sandslash(Alolan Sandslash),Ice,Steel,450,75,100,120,25,65,65,Mouse Pokémon,1.2 m,55.0 kg
41,029,Nidoran♀,Poison,,275,55,47,52,40,40,41,Poison Pin Pokémon,0.4 m,7.0 kg
42,030,Nidorina,Poison,,365,70,62,67,55,55,56,Poison Pin Pokémon,0.8 m,20.0 kg
43,031,Nidoqueen,Poison,Ground,505,90,92,87,75,85,76,Drill Pokémon,1.3 m,60.0 kg
44,032,Nidoran♂,Poison,,273,46,57,40,40,40,50,Poison Pin Pokémon,0.5 m,9.0 kg
45,033,Nidorino,Poison,,365,61,72,57,55,55,65,Poison Pin Pokémon,0.9 m,19.5 kg
46,034,Nidoking,Poison,Ground,505,81,102,77,85,75,85,Drill Pokémon,1.4 m,62.0 kg
47,035,Clefairy,Fairy,,323,70,45,48,60,65,35,Fairy Pokémon,0.6 m,7.5 kg
48,036,Clefable,Fairy,,483,95,70,73,95,90,60,Fairy Pokémon,1.3 m,40.0 kg
49,037,Vulpix,Fire,,299,38,41,40,50,65,65,Fox Pokémon,0.6 m,9.9 kg
50,037,Vulpix(Alolan Vulpix),Ice,,299,38,41,40,50,65,65,Fox Pokémon,0.6 m,9.9 kg
51,038,Ninetales,Fire,,505,73,76,75,81,100,100,Fox Pokémon,1.1 m,19.9 kg
52,038,Ninetales(Alolan Ninetales),Ice,Fairy,505,73,67,75,81,100,109,Fox Pokémon,1.1 m,19.9 kg
53,039,Jigglypuff,Normal,Fairy,270,115,45,20,45,25,20,Balloon Pokémon,0.5 m,5.5 kg
54,040,Wigglytuff,Normal,Fairy,435,140,70,45,85,50,45,Balloon Pokémon,1.0 m,12.0 kg
55,041,Zubat,Poison,Flying,245,40,45,35,30,40,55,Bat Pokémon,0.8 m,7.5 kg
56,042,Golbat,Poison,Flying,455,75,80,70,65,75,90,Bat Pokémon,1.6 m,55.0 kg
57,043,Oddish,Grass,Poison,320,45,50,55,75,65,30,Weed Pokémon,0.5 m,5.4 kg
58,044,Gloom,Grass,Poison,395,60,65,70,85,75,40,Weed Pokémon,0.8 m,8.6 kg
59,045,Vileplume,Grass,Poison,490,75,80,85,110,90,50,Flower Pokémon,1.2 m,18.6 kg
60,046,Paras,Bug,Grass,285,35,70,55,45,55,25,Mushroom Pokémon,0.3 m,5.4 kg
61,047,Parasect,Bug,Grass,405,60,95,80,60,80,30,Mushroom Pokémon,1.0 m,29.5 kg
62,048,Venonat,Bug,Poison,305,60,55,50,40,55,45,Insect Pokémon,1.0 m,30.0 kg
63,049,Venomoth,Bug,Poison,450,70,65,60,90,75,90,Poison Moth Pokémon,1.5 m,12.5 kg
64,050,Diglett,Ground,,265,10,55,25,35,45,95,Mole Pokémon,0.2 m,0.8 kg
65,050,Diglett(Alolan Diglett),Ground,Steel,265,10,55,30,35,45,90,Mole Pokémon,0.2 m,1.0 kg
66,051,Dugtrio,Ground,,425,35,100,50,50,70,120,Mole Pokémon,0.7 m,33.3 kg
67,051,Dugtrio(Alolan Dugtrio),Ground,Steel,425,35,100,60,50,70,110,Mole Pokémon,0.7 m,66.6 kg
68,052,Meowth,Normal,,290,40,45,35,40,40,90,Scratch Cat Pokémon,0.4 m,4.2 kg
69,052,Meowth(Alolan Meowth),Dark,,290,40,35,35,50,40,90,Scratch Cat Pokémon,0.4 m,4.2 kg
70,052,Meowth(Galarian Meowth),Steel,,290,50,65,55,40,40,40,Scratch Cat Pokémon,0.4 m,7.5 kg
71,053,Persian,Normal,,440,65,70,60,65,65,115,Classy Cat Pokémon,1.0 m,32.0 kg
72,053,Persian(Alolan Persian),Dark,,440,65,60,60,75,65,115,Classy Cat Pokémon,1.1 m,33.0 kg
73,054,Psyduck,Water,,320,50,52,48,65,50,55,Duck Pokémon,0.8 m,19.6 kg
74,055,Golduck,Water,,500,80,82,78,95,80,85,Duck Pokémon,1.7 m,76.6 kg
75,056,Mankey,Fighting,,305,40,80,35,35,45,70,Pig Monkey Pokémon,0.5 m,28.0 kg
76,057,Primeape,Fighting,,455,65,105,60,60,70,95,Pig Monkey Pokémon,1.0 m,32.0 kg
77,058,Growlithe,Fire,,350,55,70,45,70,50,60,Puppy Pokémon,0.7 m,19.0 kg
78,059,Arcanine,Fire,,555,90,110,80,100,80,95,Legendary Pokémon,1.9 m,155.0 kg
79,060,Poliwag,Water,,300,40,50,40,40,40,90,Tadpole Pokémon,0.6 m,12.4 kg
80,061,Poliwhirl,Water,,385,65,65,65,50,50,90,Tadpole Pokémon,1.0 m,20.0 kg
81,062,Poliwrath,Water,Fighting,510,90,95,95,70,90,70,Tadpole Pokémon,1.3 m,54.0 kg
82,063,Abra,Psychic,,310,25,20,15,105,55,90,Psi Pokémon,0.9 m,19.5 kg
83,064,Kadabra,Psychic,,400,40,35,30,120,70,105,Psi Pokémon,1.3 m,56.5 kg
84,065,Alakazam,Psychic,,500,55,50,45,135,95,120,Psi Pokémon,1.5 m,48.0 kg
85,065,Alakazam(Mega Alakazam),Psychic,,600,55,50,65,175,105,150,Psi Pokémon,1.2 m,48.0 kg
86,066,Machop,Fighting,,305,70,80,50,35,35,35,Superpower Pokémon,0.8 m,19.5 kg
87,067,Machoke,Fighting,,405,80,100,70,50,60,45,Superpower Pokémon,1.5 m,70.5 kg
88,068,Machamp,Fighting,,505,90,130,80,65,85,55,Superpower Pokémon,1.6 m,130.0 kg
89,069,Bellsprout,Grass,Poison,300,50,75,35,70,30,40,Flower Pokémon,0.7 m,4.0 kg
90,070,Weepinbell,Grass,Poison,390,65,90,50,85,45,55,Flycatcher Pokémon,1.0 m,6.4 kg
91,071,Victreebel,Grass,Poison,490,80,105,65,100,70,70,Flycatcher Pokémon,1.7 m,15.5 kg
92,072,Tentacool,Water,Poison,335,40,40,35,50,100,70,Jellyfish Pokémon,0.9 m,45.5 kg
93,073,Tentacruel,Water,Poison,515,80,70,65,80,120,100,Jellyfish Pokémon,1.6 m,55.0 kg
94,074,Geodude,Rock,Ground,300,40,80,100,30,30,20,Rock Pokémon,0.4 m,20.0 kg
95,074,Geodude(Alolan Geodude),Rock,Electric,300,40,80,100,30,30,20,Rock Pokémon,0.4 m,20.3 kg
96,075,Graveler,Rock,Ground,390,55,95,115,45,45,35,Rock Pokémon,1.0 m,105.0 kg
97,075,Graveler(Alolan Graveler),Rock,Electric,390,55,95,115,45,45,35,Rock Pokémon,1.0 m,110.0 kg
98,076,Golem,Rock,Ground,495,80,120,130,55,65,45,Megaton Pokémon,1.4 m,300.0 kg
99,076,Golem(Alolan Golem),Rock,Electric,495,80,120,130,55,65,45,Megaton Pokémon,1.7 m,316.0 kg
100,077,Ponyta,Fire,,410,50,85,55,65,65,90,Fire Horse Pokémon,1.0 m,30.0 kg
101,077,Ponyta(Galarian Ponyta),Psychic,,410,50,85,55,65,65,90,Unique Horn Pokémon,0.8 m,24.0 kg
102,078,Rapidash,Fire,,500,65,100,70,80,80,105,Fire Horse Pokémon,1.7 m,95.0 kg
103,078,Rapidash(Galarian Rapidash),Psychic,Fairy,500,65,100,70,80,80,105,Unique Horn Pokémon,1.7 m,80.0 kg
104,079,Slowpoke,Water,Psychic,315,90,65,65,40,40,15,Dopey Pokémon,1.2 m,36.0 kg
105,079,Slowpoke(Galarian Slowpoke),Psychic,,315,90,65,65,40,40,15,Dopey Pokémon,1.2 m,36.0 kg
106,080,Slowbro,Water,Psychic,490,95,75,110,100,80,30,Hermit Crab Pokémon,1.6 m,78.5 kg
107,080,Slowbro(Mega Slowbro),Water,Psychic,590,95,75,180,130,80,30,Hermit Crab Pokémon,2.0 m,120.0 kg
108,080,Slowbro(Galarian Slowbro),Poison,Psychic,490,95,100,95,100,70,30,Hermit Crab Pokémon,1.6 m,70.5 kg
109,081,Magnemite,Electric,Steel,325,25,35,70,95,55,45,Magnet Pokémon,0.3 m,6.0 kg
110,082,Magneton,Electric,Steel,465,50,60,95,120,70,70,Magnet Pokémon,1.0 m,60.0 kg
111,083,Farfetch'd,Normal,Flying,377,52,90,55,58,62,60,Wild Duck Pokémon,0.8 m,15.0 kg
112,083,Farfetch'd(Galarian Farfetch'd),Fighting,,377,52,95,55,58,62,55,Wild Duck Pokémon,0.8 m,42.0 kg
113,084,Doduo,Normal,Flying,310,35,85,45,35,35,75,Twin Bird Pokémon,1.4 m,39.2 kg
114,085,Dodrio,Normal,Flying,470,60,110,70,60,60,110,Triple Bird Pokémon,1.8 m,85.2 kg
115,086,Seel,Water,,325,65,45,55,45,70,45,Sea Lion Pokémon,1.1 m,90.0 kg
116,087,Dewgong,Water,Ice,475,90,70,80,70,95,70,Sea Lion Pokémon,1.7 m,120.0 kg
117,088,Grimer,Poison,,325,80,80,50,40,50,25,Sludge Pokémon,0.9 m,30.0 kg
118,088,Grimer(Alolan Grimer),Poison,Dark,325,80,80,50,40,50,25,Sludge Pokémon,0.7 m,42.0 kg
119,089,Muk,Poison,,500,105,105,75,65,100,50,Sludge Pokémon,1.2 m,30.0 kg
120,089,Muk(Alolan Muk),Poison,Dark,500,105,105,75,65,100,50,Sludge Pokémon,1.0 m,52.0 kg
121,090,Shellder,Water,,305,30,65,100,45,25,40,Bivalve Pokémon,0.3 m,4.0 kg
122,091,Cloyster,Water,Ice,525,50,95,180,85,45,70,Bivalve Pokémon,1.5 m,132.5 kg
123,092,Gastly,Ghost,Poison,310,30,35,30,100,35,80,Gas Pokémon,1.3 m,0.1 kg
124,093,Haunter,Ghost,Poison,405,45,50,45,115,55,95,Gas Pokémon,1.6 m,0.1 kg
125,094,Gengar,Ghost,Poison,500,60,65,60,130,75,110,Shadow Pokémon,1.5 m,40.5 kg
126,094,Gengar(Mega Gengar),Ghost,Poison,600,60,65,80,170,95,130,Shadow Pokémon,1.4 m,40.5 kg
127,095,Onix,Rock,Ground,385,35,45,160,30,45,70,Rock Snake Pokémon,8.8 m,210.0 kg
128,096,Drowzee,Psychic,,328,60,48,45,43,90,42,Hypnosis Pokémon,1.0 m,32.4 kg
129,097,Hypno,Psychic,,483,85,73,70,73,115,67,Hypnosis Pokémon,1.6 m,75.6 kg
130,098,Krabby,Water,,325,30,105,90,25,25,50,River Crab Pokémon,0.4 m,6.5 kg
131,099,Kingler,Water,,475,55,130,115,50,50,75,Pincer Pokémon,1.3 m,60.0 kg
132,100,Voltorb,Electric,,330,40,30,50,55,55,100,Ball Pokémon,0.5 m,10.4 kg
133,101,Electrode,Electric,,490,60,50,70,80,80,150,Ball Pokémon,1.2 m,66.6 kg
134,102,Exeggcute,Grass,Psychic,325,60,40,80,60,45,40,Egg Pokémon,0.4 m,2.5 kg
135,103,Exeggutor,Grass,Psychic,530,95,95,85,125,75,55,Coconut Pokémon,2.0 m,120.0 kg
136,103,Exeggutor(Alolan Exeggutor),Grass,Dragon,530,95,105,85,125,75,45,Coconut Pokémon,10.9 m,415.6 kg
137,104,Cubone,Ground,,320,50,50,95,40,50,35,Lonely Pokémon,0.4 m,6.5 kg
138,105,Marowak,Ground,,425,60,80,110,50,80,45,Bone Keeper Pokémon,1.0 m,45.0 kg
139,105,Marowak(Alolan Marowak),Fire,Ghost,425,60,80,110,50,80,45,Bone Keeper Pokémon,1.0 m,34.0 kg
140,106,Hitmonlee,Fighting,,455,50,120,53,35,110,87,Kicking Pokémon,1.5 m,49.8 kg
141,107,Hitmonchan,Fighting,,455,50,105,79,35,110,76,Punching Pokémon,1.4 m,50.2 kg
142,108,Lickitung,Normal,,385,90,55,75,60,75,30,Licking Pokémon,1.2 m,65.5 kg
143,109,Koffing,Poison,,340,40,65,95,60,45,35,Poison Gas Pokémon,0.6 m,1.0 kg
144,110,Weezing,Poison,,490,65,90,120,85,70,60,Poison Gas Pokémon,1.2 m,9.5 kg
145,110,Weezing(Galarian Weezing),Poison,Fairy,490,65,90,120,85,70,60,Poison Gas Pokémon,3.0 m,16.0 kg
146,111,Rhyhorn,Ground,Rock,345,80,85,95,30,30,25,Spikes Pokémon,1.0 m,115.0 kg
147,112,Rhydon,Ground,Rock,485,105,130,120,45,45,40,Drill Pokémon,1.9 m,120.0 kg
148,113,Chansey,Normal,,450,250,5,5,35,105,50,Egg Pokémon,1.1 m,34.6 kg
149,114,Tangela,Grass,,435,65,55,115,100,40,60,Vine Pokémon,1.0 m,35.0 kg
150,115,Kangaskhan,Normal,,490,105,95,80,40,80,90,Parent Pokémon,2.2 m,80.0 kg
151,115,Kangaskhan(Mega Kangaskhan),Normal,,590,105,125,100,60,100,100,Parent Pokémon,2.2 m,100.0 kg
152,116,Horsea,Water,,295,30,40,70,70,25,60,Dragon Pokémon,0.4 m,8.0 kg
153,117,Seadra,Water,,440,55,65,95,95,45,85,Dragon Pokémon,1.2 m,25.0 kg
154,118,Goldeen,Water,,320,45,67,60,35,50,63,Goldfish Pokémon,0.6 m,15.0 kg
155,119,Seaking,Water,,450,80,92,65,65,80,68,Goldfish Pokémon,1.3 m,39.0 kg
156,120,Staryu,Water,,340,30,45,55,70,55,85,Star Shape Pokémon,0.8 m,34.5 kg
157,121,Starmie,Water,Psychic,520,60,75,85,100,85,115,Mysterious Pokémon,1.1 m,80.0 kg
158,122,Mr. Mime,Psychic,Fairy,460,40,45,65,100,120,90,Barrier Pokémon,1.3 m,54.5 kg
159,122,Mr. Mime(Galarian Mr. Mime),Ice,Psychic,460,50,65,65,90,90,100,Dancing Pokémon,1.4 m,56.8 kg
160,123,Scyther,Bug,Flying,500,70,110,80,55,80,105,Mantis Pokémon,1.5 m,56.0 kg
161,124,Jynx,Ice,Psychic,455,65,50,35,115,95,95,Human Shape Pokémon,1.4 m,40.6 kg
162,125,Electabuzz,Electric,,490,65,83,57,95,85,105,Electric Pokémon,1.1 m,30.0 kg
163,126,Magmar,Fire,,495,65,95,57,100,85,93,Spitfire Pokémon,1.3 m,44.5 kg
164,127,Pinsir,Bug,,500,65,125,100,55,70,85,Stag Beetle Pokémon,1.5 m,55.0 kg
165,127,Pinsir(Mega Pinsir),Bug,Flying,600,65,155,120,65,90,105,Stag Beetle Pokémon,1.7 m,59.0 kg
166,128,Tauros,Normal,,490,75,100,95,40,70,110,Wild Bull Pokémon,1.4 m,88.4 kg
167,129,Magikarp,Water,,200,20,10,55,15,20,80,Fish Pokémon,0.9 m,10.0 kg
168,130,Gyarados,Water,Flying,540,95,125,79,60,100,81,Atrocious Pokémon,6.5 m,235.0 kg
169,130,Gyarados(Mega Gyarados),Water,Dark,640,95,155,109,70,130,81,Atrocious Pokémon,6.5 m,305.0 kg
170,131,Lapras,Water,Ice,535,130,85,80,85,95,60,Transport Pokémon,2.5 m,220.0 kg
171,132,Ditto,Normal,,288,48,48,48,48,48,48,Transform Pokémon,0.3 m,4.0 kg
172,133,Eevee,Normal,,325,55,55,50,45,65,55,Evolution Pokémon,0.3 m,6.5 kg
173,133,Eevee(Partner Eevee),Normal,,435,65,75,70,65,85,75,Evolution Pokémon,0.3 m,6.5 kg
174,134,Vaporeon,Water,,525,130,65,60,110,95,65,Bubble Jet Pokémon,1.0 m,29.0 kg
175,135,Jolteon,Electric,,525,65,65,60,110,95,130,Lightning Pokémon,0.8 m,24.5 kg
176,136,Flareon,Fire,,525,65,130,60,95,110,65,Flame Pokémon,0.9 m,25.0 kg
177,137,Porygon,Normal,,395,65,60,70,85,75,40,Virtual Pokémon,0.8 m,36.5 kg
178,138,Omanyte,Rock,Water,355,35,40,100,90,55,35,Spiral Pokémon,0.4 m,7.5 kg
179,139,Omastar,Rock,Water,495,70,60,125,115,70,55,Spiral Pokémon,1.0 m,35.0 kg
180,140,Kabuto,Rock,Water,355,30,80,90,55,45,55,Shellfish Pokémon,0.5 m,11.5 kg
181,141,Kabutops,Rock,Water,495,60,115,105,65,70,80,Shellfish Pokémon,1.3 m,40.5 kg
182,142,Aerodactyl,Rock,Flying,515,80,105,65,60,75,130,Fossil Pokémon,1.8 m,59.0 kg
183,142,Aerodactyl(Mega Aerodactyl),Rock,Flying,615,80,135,85,70,95,150,Fossil Pokémon,2.1 m,79.0 kg
184,143,Snorlax,Normal,,540,160,110,65,65,110,30,Sleeping Pokémon,2.1 m,460.0 kg
185,144,Articuno,Ice,Flying,580,90,85,100,95,125,85,Freeze Pokémon,1.7 m,55.4 kg
186,144,Articuno(Galarian Articuno),Psychic,Flying,580,90,85,85,125,100,95,Cruel Pokémon,1.7 m,50.9 kg
187,145,Zapdos,Electric,Flying,580,90,90,85,125,90,100,Electric Pokémon,1.6 m,52.6 kg
188,145,Zapdos(Galarian Zapdos),Fighting,Flying,580,90,125,90,85,90,100,Strong Legs Pokémon,1.6 m,58.2 kg
189,146,Moltres,Fire,Flying,580,90,100,90,125,85,90,Flame Pokémon,2.0 m,60.0 kg
190,146,Moltres(Galarian Moltres),Dark,Flying,580,90,85,90,100,125,90,Malevolent Pokémon,2.0 m,66.0 kg
191,147,Dratini,Dragon,,300,41,64,45,50,50,50,Dragon Pokémon,1.8 m,3.3 kg
192,148,Dragonair,Dragon,,420,61,84,65,70,70,70,Dragon Pokémon,4.0 m,16.5 kg
193,149,Dragonite,Dragon,Flying,600,91,134,95,100,100,80,Dragon Pokémon,2.2 m,210.0 kg
194,150,Mewtwo,Psychic,,680,106,110,90,154,90,130,Genetic Pokémon,2.0 m,122.0 kg
195,150,Mewtwo(Mega Mewtwo X),Psychic,Fighting,780,106,190,100,154,100,130,Genetic Pokémon,2.3 m,127.0 kg
196,150,Mewtwo(Mega Mewtwo Y),Psychic,,780,106,150,70,194,120,140,Genetic Pokémon,1.5 m,33.0 kg
197,151,Mew,Psychic,,600,100,100,100,100,100,100,New Species Pokémon,0.4 m,4.0 kg
198,152,Chikorita,Grass,,318,45,49,65,49,65,45,Leaf Pokémon,0.9 m,6.4 kg
199,153,Bayleef,Grass,,405,60,62,80,63,80,60,Leaf Pokémon,1.2 m,15.8 kg
200,154,Meganium,Grass,,525,80,82,100,83,100,80,Herb Pokémon,1.8 m,100.5 kg
201,155,Cyndaquil,Fire,,309,39,52,43,60,50,65,Fire Mouse Pokémon,0.5 m,7.9 kg
202,156,Quilava,Fire,,405,58,64,58,80,65,80,Volcano Pokémon,0.9 m,19.0 kg
203,157,Typhlosion,Fire,,534,78,84,78,109,85,100,Volcano Pokémon,1.7 m,79.5 kg
204,158,Totodile,Water,,314,50,65,64,44,48,43,Big Jaw Pokémon,0.6 m,9.5 kg
205,159,Croconaw,Water,,405,65,80,80,59,63,58,Big Jaw Pokémon,1.1 m,25.0 kg
206,160,Feraligatr,Water,,530,85,105,100,79,83,78,Big Jaw Pokémon,2.3 m,88.8 kg
207,161,Sentret,Normal,,215,35,46,34,35,45,20,Scout Pokémon,0.8 m,6.0 kg
208,162,Furret,Normal,,415,85,76,64,45,55,90,Long Body Pokémon,1.8 m,32.5 kg
209,163,Hoothoot,Normal,Flying,262,60,30,30,36,56,50,Owl Pokémon,0.7 m,21.2 kg
210,164,Noctowl,Normal,Flying,452,100,50,50,86,96,70,Owl Pokémon,1.6 m,40.8 kg
211,165,Ledyba,Bug,Flying,265,40,20,30,40,80,55,Five Star Pokémon,1.0 m,10.8 kg
212,166,Ledian,Bug,Flying,390,55,35,50,55,110,85,Five Star Pokémon,1.4 m,35.6 kg
213,167,Spinarak,Bug,Poison,250,40,60,40,40,40,30,String Spit Pokémon,0.5 m,8.5 kg
214,168,Ariados,Bug,Poison,400,70,90,70,60,70,40,Long Leg Pokémon,1.1 m,33.5 kg
215,169,Crobat,Poison,Flying,535,85,90,80,70,80,130,Bat Pokémon,1.8 m,75.0 kg
216,170,Chinchou,Water,Electric,330,75,38,38,56,56,67,Angler Pokémon,0.5 m,12.0 kg
217,171,Lanturn,Water,Electric,460,125,58,58,76,76,67,Light Pokémon,1.2 m,22.5 kg
218,172,Pichu,Electric,,205,20,40,15,35,35,60,Tiny Mouse Pokémon,0.3 m,2.0 kg
219,173,Cleffa,Fairy,,218,50,25,28,45,55,15,Star Shape Pokémon,0.3 m,3.0 kg
220,174,Igglybuff,Normal,Fairy,210,90,30,15,40,20,15,Balloon Pokémon,0.3 m,1.0 kg
221,175,Togepi,Fairy,,245,35,20,65,40,65,20,Spike Ball Pokémon,0.3 m,1.5 kg
222,176,Togetic,Fairy,Flying,405,55,40,85,80,105,40,Happiness Pokémon,0.6 m,3.2 kg
223,177,Natu,Psychic,Flying,320,40,50,45,70,45,70,Tiny Bird Pokémon,0.2 m,2.0 kg
224,178,Xatu,Psychic,Flying,470,65,75,70,95,70,95,Mystic Pokémon,1.5 m,15.0 kg
225,179,Mareep,Electric,,280,55,40,40,65,45,35,Wool Pokémon,0.6 m,7.8 kg
226,180,Flaaffy,Electric,,365,70,55,55,80,60,45,Wool Pokémon,0.8 m,13.3 kg
227,181,Ampharos,Electric,,510,90,75,85,115,90,55,Light Pokémon,1.4 m,61.5 kg
228,181,Ampharos(Mega Ampharos),Electric,Dragon,610,90,95,105,165,110,45,Light Pokémon,1.4 m,61.5 kg
229,182,Bellossom,Grass,,490,75,80,95,90,100,50,Flower Pokémon,0.4 m,5.8 kg
230,183,Marill,Water,Fairy,250,70,20,50,20,50,40,Aqua Mouse Pokémon,0.4 m,8.5 kg
231,184,Azumarill,Water,Fairy,420,100,50,80,60,80,50,Aqua Rabbit Pokémon,0.8 m,28.5 kg
232,185,Sudowoodo,Rock,,410,70,100,115,30,65,30,Imitation Pokémon,1.2 m,38.0 kg
233,186,Politoed,Water,,500,90,75,75,90,100,70,Frog Pokémon,1.1 m,33.9 kg
234,187,Hoppip,Grass,Flying,250,35,35,40,35,55,50,Cottonweed Pokémon,0.4 m,0.5 kg
235,188,Skiploom,Grass,Flying,340,55,45,50,45,65,80,Cottonweed Pokémon,0.6 m,1.0 kg
236,189,Jumpluff,Grass,Flying,460,75,55,70,55,95,110,Cottonweed Pokémon,0.8 m,3.0 kg
237,190,Aipom,Normal,,360,55,70,55,40,55,85,Long Tail Pokémon,0.8 m,11.5 kg
238,191,Sunkern,Grass,,180,30,30,30,30,30,30,Seed Pokémon,0.3 m,1.8 kg
239,192,Sunflora,Grass,,425,75,75,55,105,85,30,Sun Pokémon,0.8 m,8.5 kg
240,193,Yanma,Bug,Flying,390,65,65,45,75,45,95,Clear Wing Pokémon,1.2 m,38.0 kg
241,194,Wooper,Water,Ground,210,55,45,45,25,25,15,Water Fish Pokémon,0.4 m,8.5 kg
242,195,Quagsire,Water,Ground,430,95,85,85,65,65,35,Water Fish Pokémon,1.4 m,75.0 kg
243,196,Espeon,Psychic,,525,65,65,60,130,95,110,Sun Pokémon,0.9 m,26.5 kg
244,197,Umbreon,Dark,,525,95,65,110,60,130,65,Moonlight Pokémon,1.0 m,27.0 kg
245,198,Murkrow,Dark,Flying,405,60,85,42,85,42,91,Darkness Pokémon,0.5 m,2.1 kg
246,199,Slowking,Water,Psychic,490,95,75,80,100,110,30,Royal Pokémon,2.0 m,79.5 kg
247,199,Slowking(Galarian Slowking),Poison,Psychic,490,95,65,80,110,110,30,Hexpert Pokémon,1.8 m,79.5 kg
248,200,Misdreavus,Ghost,,435,60,60,60,85,85,85,Screech Pokémon,0.7 m,1.0 kg
249,201,Unown,Psychic,,336,48,72,48,72,48,48,Symbol Pokémon,0.5 m,5.0 kg
250,202,Wobbuffet,Psychic,,405,190,33,58,33,58,33,Patient Pokémon,1.3 m,28.5 kg
251,203,Girafarig,Normal,Psychic,455,70,80,65,90,65,85,Long Neck Pokémon,1.5 m,41.5 kg
252,204,Pineco,Bug,,290,50,65,90,35,35,15,Bagworm Pokémon,0.6 m,7.2 kg
253,205,Forretress,Bug,Steel,465,75,90,140,60,60,40,Bagworm Pokémon,1.2 m,125.8 kg
254,206,Dunsparce,Normal,,415,100,70,70,65,65,45,Land Snake Pokémon,1.5 m,14.0 kg
255,207,Gligar,Ground,Flying,430,65,75,105,35,65,85,FlyScorpion Pokémon,1.1 m,64.8 kg
256,208,Steelix,Steel,Ground,510,75,85,200,55,65,30,Iron Snake Pokémon,9.2 m,400.0 kg
257,208,Steelix(Mega Steelix),Steel,Ground,610,75,125,230,55,95,30,Iron Snake Pokémon,10.5 m,740.0 kg
258,209,Snubbull,Fairy,,300,60,80,50,40,40,30,Fairy Pokémon,0.6 m,7.8 kg
259,210,Granbull,Fairy,,450,90,120,75,60,60,45,Fairy Pokémon,1.4 m,48.7 kg
260,211,Qwilfish,Water,Poison,440,65,95,85,55,55,85,Balloon Pokémon,0.5 m,3.9 kg
261,212,Scizor,Bug,Steel,500,70,130,100,55,80,65,Pincer Pokémon,1.8 m,118.0 kg
262,212,Scizor(Mega Scizor),Bug,Steel,600,70,150,140,65,100,75,Pincer Pokémon,2.0 m,125.0 kg
263,213,Shuckle,Bug,Rock,505,20,10,230,10,230,5,Mold Pokémon,0.6 m,20.5 kg
264,214,Heracross,Bug,Fighting,500,80,125,75,40,95,85,Single Horn Pokémon,1.5 m,54.0 kg
265,214,Heracross(Mega Heracross),Bug,Fighting,600,80,185,115,40,105,75,Single Horn Pokémon,1.7 m,62.5 kg
266,215,Sneasel,Dark,Ice,430,55,95,55,35,75,115,Sharp Claw Pokémon,0.9 m,28.0 kg
267,216,Teddiursa,Normal,,330,60,80,50,50,50,40,Little Bear Pokémon,0.6 m,8.8 kg
268,217,Ursaring,Normal,,500,90,130,75,75,75,55,Hibernator Pokémon,1.8 m,125.8 kg
269,218,Slugma,Fire,,250,40,40,40,70,40,20,Lava Pokémon,0.7 m,35.0 kg
270,219,Magcargo,Fire,Rock,430,60,50,120,90,80,30,Lava Pokémon,0.8 m,55.0 kg
271,220,Swinub,Ice,Ground,250,50,50,40,30,30,50,Pig Pokémon,0.4 m,6.5 kg
272,221,Piloswine,Ice,Ground,450,100,100,80,60,60,50,Swine Pokémon,1.1 m,55.8 kg
273,222,Corsola,Water,Rock,410,65,55,95,65,95,35,Coral Pokémon,0.6 m,5.0 kg
274,222,Corsola(Galarian Corsola),Ghost,,410,60,55,100,65,100,30,Coral Pokémon,0.6 m,0.5 kg
275,223,Remoraid,Water,,300,35,65,35,65,35,65,Jet Pokémon,0.6 m,12.0 kg
276,224,Octillery,Water,,480,75,105,75,105,75,45,Jet Pokémon,0.9 m,28.5 kg
277,225,Delibird,Ice,Flying,330,45,55,45,65,45,75,Delivery Pokémon,0.9 m,16.0 kg
278,226,Mantine,Water,Flying,485,85,40,70,80,140,70,Kite Pokémon,2.1 m,220.0 kg
279,227,Skarmory,Steel,Flying,465,65,80,140,40,70,70,Armor Bird Pokémon,1.7 m,50.5 kg
280,228,Houndour,Dark,Fire,330,45,60,30,80,50,65,Dark Pokémon,0.6 m,10.8 kg
281,229,Houndoom,Dark,Fire,500,75,90,50,110,80,95,Dark Pokémon,1.4 m,35.0 kg
282,229,Houndoom(Mega Houndoom),Dark,Fire,600,75,90,90,140,90,115,Dark Pokémon,1.9 m,49.5 kg
283,230,Kingdra,Water,Dragon,540,75,95,95,95,95,85,Dragon Pokémon,1.8 m,152.0 kg
284,231,Phanpy,Ground,,330,90,60,60,40,40,40,Long Nose Pokémon,0.5 m,33.5 kg
285,232,Donphan,Ground,,500,90,120,120,60,60,50,Armor Pokémon,1.1 m,120.0 kg
286,233,Porygon2,Normal,,515,85,80,90,105,95,60,Virtual Pokémon,0.6 m,32.5 kg
287,234,Stantler,Normal,,465,73,95,62,85,65,85,Big Horn Pokémon,1.4 m,71.2 kg
288,235,Smeargle,Normal,,250,55,20,35,20,45,75,Painter Pokémon,1.2 m,58.0 kg
289,236,Tyrogue,Fighting,,210,35,35,35,35,35,35,Scuffle Pokémon,0.7 m,21.0 kg
290,237,Hitmontop,Fighting,,455,50,95,95,35,110,70,Handstand Pokémon,1.4 m,48.0 kg
291,238,Smoochum,Ice,Psychic,305,45,30,15,85,65,65,Kiss Pokémon,0.4 m,6.0 kg
292,239,Elekid,Electric,,360,45,63,37,65,55,95,Electric Pokémon,0.6 m,23.5 kg
293,240,Magby,Fire,,365,45,75,37,70,55,83,Live Coal Pokémon,0.7 m,21.4 kg
294,241,Miltank,Normal,,490,95,80,105,40,70,100,Milk Cow Pokémon,1.2 m,75.5 kg
295,242,Blissey,Normal,,540,255,10,10,75,135,55,Happiness Pokémon,1.5 m,46.8 kg
296,243,Raikou,Electric,,580,90,85,75,115,100,115,Thunder Pokémon,1.9 m,178.0 kg
297,244,Entei,Fire,,580,115,115,85,90,75,100,Volcano Pokémon,2.1 m,198.0 kg
298,245,Suicune,Water,,580,100,75,115,90,115,85,Aurora Pokémon,2.0 m,187.0 kg
299,246,Larvitar,Rock,Ground,300,50,64,50,45,50,41,Rock Skin Pokémon,0.6 m,72.0 kg
300,247,Pupitar,Rock,Ground,410,70,84,70,65,70,51,Hard Shell Pokémon,1.2 m,152.0 kg
301,248,Tyranitar,Rock,Dark,600,100,134,110,95,100,61,Armor Pokémon,2.0 m,202.0 kg
302,248,Tyranitar(Mega Tyranitar),Rock,Dark,700,100,164,150,95,120,71,Armor Pokémon,2.5 m,255.0 kg
303,249,Lugia,Psychic,Flying,680,106,90,130,90,154,110,Diving Pokémon,5.2 m,216.0 kg
304,250,Ho-oh,Fire,Flying,680,106,130,90,110,154,90,Rainbow Pokémon,3.8 m,199.0 kg
305,251,Celebi,Psychic,Grass,600,100,100,100,100,100,100,Time Travel Pokémon,0.6 m,5.0 kg
306,252,Treecko,Grass,,310,40,45,35,65,55,70,Wood Gecko Pokémon,0.5 m,5.0 kg
307,253,Grovyle,Grass,,405,50,65,45,85,65,95,Wood Gecko Pokémon,0.9 m,21.6 kg
308,254,Sceptile,Grass,,530,70,85,65,105,85,120,Forest Pokémon,1.7 m,52.2 kg
309,254,Sceptile(Mega Sceptile),Grass,Dragon,630,70,110,75,145,85,145,Forest Pokémon,1.9 m,55.2 kg
310,255,Torchic,Fire,,310,45,60,40,70,50,45,Chick Pokémon,0.4 m,2.5 kg
311,256,Combusken,Fire,Fighting,405,60,85,60,85,60,55,Young Fowl Pokémon,0.9 m,19.5 kg
312,257,Blaziken,Fire,Fighting,530,80,120,70,110,70,80,Blaze Pokémon,1.9 m,52.0 kg
313,257,Blaziken(Mega Blaziken),Fire,Fighting,630,80,160,80,130,80,100,Blaze Pokémon,1.9 m,52.0 kg
314,258,Mudkip,Water,,310,50,70,50,50,50,40,Mud Fish Pokémon,0.4 m,7.6 kg
315,259,Marshtomp,Water,Ground,405,70,85,70,60,70,50,Mud Fish Pokémon,0.7 m,28.0 kg
316,260,Swampert,Water,Ground,535,100,110,90,85,90,60,Mud Fish Pokémon,1.5 m,81.9 kg
317,260,Swampert(Mega Swampert),Water,Ground,635,100,150,110,95,110,70,Mud Fish Pokémon,1.9 m,102.0 kg
318,261,Poochyena,Dark,,220,35,55,35,30,30,35,Bite Pokémon,0.5 m,13.6 kg
319,262,Mightyena,Dark,,420,70,90,70,60,60,70,Bite Pokémon,1.0 m,37.0 kg
320,263,Zigzagoon,Normal,,240,38,30,41,30,41,60,TinyRaccoon Pokémon,0.4 m,17.5 kg
321,263,Zigzagoon(Galarian Zigzagoon),Dark,Normal,240,38,30,41,30,41,60,Tiny Raccoon Pokémon,0.4 m,17.5 kg
322,264,Linoone,Normal,,420,78,70,61,50,61,100,Rushing Pokémon,0.5 m,32.5 kg
323,264,Linoone(Galarian Linoone),Dark,Normal,420,78,70,61,50,61,100,Rushing Pokémon,0.5 m,32.5 kg
324,265,Wurmple,Bug,,195,45,45,35,20,30,20,Worm Pokémon,0.3 m,3.6 kg
325,266,Silcoon,Bug,,205,50,35,55,25,25,15,Cocoon Pokémon,0.6 m,10.0 kg
326,267,Beautifly,Bug,Flying,395,60,70,50,100,50,65,Butterfly Pokémon,1.0 m,28.4 kg
327,268,Cascoon,Bug,,205,50,35,55,25,25,15,Cocoon Pokémon,0.7 m,11.5 kg
328,269,Dustox,Bug,Poison,385,60,50,70,50,90,65,Poison Moth Pokémon,1.2 m,31.6 kg
329,270,Lotad,Water,Grass,220,40,30,30,40,50,30,Water Weed Pokémon,0.5 m,2.6 kg
330,271,Lombre,Water,Grass,340,60,50,50,60,70,50,Jolly Pokémon,1.2 m,32.5 kg
331,272,Ludicolo,Water,Grass,480,80,70,70,90,100,70,Carefree Pokémon,1.5 m,55.0 kg
332,273,Seedot,Grass,,220,40,40,50,30,30,30,Acorn Pokémon,0.5 m,4.0 kg
333,274,Nuzleaf,Grass,Dark,340,70,70,40,60,40,60,Wily Pokémon,1.0 m,28.0 kg
334,275,Shiftry,Grass,Dark,480,90,100,60,90,60,80,Wicked Pokémon,1.3 m,59.6 kg
335,276,Taillow,Normal,Flying,270,40,55,30,30,30,85,TinySwallow Pokémon,0.3 m,2.3 kg
336,277,Swellow,Normal,Flying,455,60,85,60,75,50,125,Swallow Pokémon,0.7 m,19.8 kg
337,278,Wingull,Water,Flying,270,40,30,30,55,30,85,Seagull Pokémon,0.6 m,9.5 kg
338,279,Pelipper,Water,Flying,440,60,50,100,95,70,65,Water Bird Pokémon,1.2 m,28.0 kg
339,280,Ralts,Psychic,Fairy,198,28,25,25,45,35,40,Feeling Pokémon,0.4 m,6.6 kg
340,281,Kirlia,Psychic,Fairy,278,38,35,35,65,55,50,Emotion Pokémon,0.8 m,20.2 kg
341,282,Gardevoir,Psychic,Fairy,518,68,65,65,125,115,80,Embrace Pokémon,1.6 m,48.4 kg
342,282,Gardevoir(Mega Gardevoir),Psychic,Fairy,618,68,85,65,165,135,100,Embrace Pokémon,1.6 m,48.4 kg
343,283,Surskit,Bug,Water,269,40,30,32,50,52,65,Pond Skater Pokémon,0.5 m,1.7 kg
344,284,Masquerain,Bug,Flying,454,70,60,62,100,82,80,Eyeball Pokémon,0.8 m,3.6 kg
345,285,Shroomish,Grass,,295,60,40,60,40,60,35,Mushroom Pokémon,0.4 m,4.5 kg
346,286,Breloom,Grass,Fighting,460,60,130,80,60,60,70,Mushroom Pokémon,1.2 m,39.2 kg
347,287,Slakoth,Normal,,280,60,60,60,35,35,30,Slacker Pokémon,0.8 m,24.0 kg
348,288,Vigoroth,Normal,,440,80,80,80,55,55,90,Wild Monkey Pokémon,1.4 m,46.5 kg
349,289,Slaking,Normal,,670,150,160,100,95,65,100,Lazy Pokémon,2.0 m,130.5 kg
350,290,Nincada,Bug,Ground,266,31,45,90,30,30,40,Trainee Pokémon,0.5 m,5.5 kg
351,291,Ninjask,Bug,Flying,456,61,90,45,50,50,160,Ninja Pokémon,0.8 m,12.0 kg
352,292,Shedinja,Bug,Ghost,236,1,90,45,30,30,40,Shed Pokémon,0.8 m,1.2 kg
353,293,Whismur,Normal,,240,64,51,23,51,23,28,Whisper Pokémon,0.6 m,16.3 kg
354,294,Loudred,Normal,,360,84,71,43,71,43,48,Big Voice Pokémon,1.0 m,40.5 kg
355,295,Exploud,Normal,,490,104,91,63,91,73,68,Loud Noise Pokémon,1.5 m,84.0 kg
356,296,Makuhita,Fighting,,237,72,60,30,20,30,25,Guts Pokémon,1.0 m,86.4 kg
357,297,Hariyama,Fighting,,474,144,120,60,40,60,50,Arm Thrust Pokémon,2.3 m,253.8 kg
358,298,Azurill,Normal,Fairy,190,50,20,40,20,40,20,Polka Dot Pokémon,0.2 m,2.0 kg
359,299,Nosepass,Rock,,375,30,45,135,45,90,30,Compass Pokémon,1.0 m,97.0 kg
360,300,Skitty,Normal,,260,50,45,45,35,35,50,Kitten Pokémon,0.6 m,11.0 kg
361,301,Delcatty,Normal,,400,70,65,65,55,55,90,Prim Pokémon,1.1 m,32.6 kg
362,302,Sableye,Dark,Ghost,380,50,75,75,65,65,50,Darkness Pokémon,0.5 m,11.0 kg
363,302,Sableye(Mega Sableye),Dark,Ghost,480,50,85,125,85,115,20,Darkness Pokémon,0.5 m,161.0 kg
364,303,Mawile,Steel,Fairy,380,50,85,85,55,55,50,Deceiver Pokémon,0.6 m,11.5 kg
365,303,Mawile(Mega Mawile),Steel,Fairy,480,50,105,125,55,95,50,Deceiver Pokémon,1.0 m,23.5 kg
366,304,Aron,Steel,Rock,330,50,70,100,40,40,30,Iron Armor Pokémon,0.4 m,60.0 kg
367,305,Lairon,Steel,Rock,430,60,90,140,50,50,40,Iron Armor Pokémon,0.9 m,120.0 kg
368,306,Aggron,Steel,Rock,530,70,110,180,60,60,50,Iron Armor Pokémon,2.1 m,360.0 kg
369,306,Aggron(Mega Aggron),Steel,,630,70,140,230,60,80,50,Iron Armor Pokémon,2.2 m,395.0 kg
370,307,Meditite,Fighting,Psychic,280,30,40,55,40,55,60,Meditate Pokémon,0.6 m,11.2 kg
371,308,Medicham,Fighting,Psychic,410,60,60,75,60,75,80,Meditate Pokémon,1.3 m,31.5 kg
372,308,Medicham(Mega Medicham),Fighting,Psychic,510,60,100,85,80,85,100,Meditate Pokémon,1.3 m,31.5 kg
373,309,Electrike,Electric,,295,40,45,40,65,40,65,Lightning Pokémon,0.6 m,15.2 kg
374,310,Manectric,Electric,,475,70,75,60,105,60,105,Discharge Pokémon,1.5 m,40.2 kg
375,310,Manectric(Mega Manectric),Electric,,575,70,75,80,135,80,135,Discharge Pokémon,1.8 m,44.0 kg
376,311,Plusle,Electric,,405,60,50,40,85,75,95,Cheering Pokémon,0.4 m,4.2 kg
377,312,Minun,Electric,,405,60,40,50,75,85,95,Cheering Pokémon,0.4 m,4.2 kg
378,313,Volbeat,Bug,,430,65,73,75,47,85,85,Firefly Pokémon,0.7 m,17.7 kg
379,314,Illumise,Bug,,430,65,47,75,73,85,85,Firefly Pokémon,0.6 m,17.7 kg
380,315,Roselia,Grass,Poison,400,50,60,45,100,80,65,Thorn Pokémon,0.3 m,2.0 kg
381,316,Gulpin,Poison,,302,70,43,53,43,53,40,Stomach Pokémon,0.4 m,10.3 kg
382,317,Swalot,Poison,,467,100,73,83,73,83,55,Poison Bag Pokémon,1.7 m,80.0 kg
383,318,Carvanha,Water,Dark,305,45,90,20,65,20,65,Savage Pokémon,0.8 m,20.8 kg
384,319,Sharpedo,Water,Dark,460,70,120,40,95,40,95,Brutal Pokémon,1.8 m,88.8 kg
385,319,Sharpedo(Mega Sharpedo),Water,Dark,560,70,140,70,110,65,105,Brutal Pokémon,2.5 m,130.3 kg
386,320,Wailmer,Water,,400,130,70,35,70,35,60,Ball Whale Pokémon,2.0 m,130.0 kg
387,321,Wailord,Water,,500,170,90,45,90,45,60,Float Whale Pokémon,14.5 m,398.0 kg
388,322,Numel,Fire,Ground,305,60,60,40,65,45,35,Numb Pokémon,0.7 m,24.0 kg
389,323,Camerupt,Fire,Ground,460,70,100,70,105,75,40,Eruption Pokémon,1.9 m,220.0 kg
390,323,Camerupt(Mega Camerupt),Fire,Ground,560,70,120,100,145,105,20,Eruption Pokémon,2.5 m,320.5 kg
391,324,Torkoal,Fire,,470,70,85,140,85,70,20,Coal Pokémon,0.5 m,80.4 kg
392,325,Spoink,Psychic,,330,60,25,35,70,80,60,Bounce Pokémon,0.7 m,30.6 kg
393,326,Grumpig,Psychic,,470,80,45,65,90,110,80,Manipulate Pokémon,0.9 m,71.5 kg
394,327,Spinda,Normal,,360,60,60,60,60,60,60,Spot Panda Pokémon,1.1 m,5.0 kg
395,328,Trapinch,Ground,,290,45,100,45,45,45,10,Ant Pit Pokémon,0.7 m,15.0 kg
396,329,Vibrava,Ground,Dragon,340,50,70,50,50,50,70,Vibration Pokémon,1.1 m,15.3 kg
397,330,Flygon,Ground,Dragon,520,80,100,80,80,80,100,Mystic Pokémon,2.0 m,82.0 kg
398,331,Cacnea,Grass,,335,50,85,40,85,40,35,Cactus Pokémon,0.4 m,51.3 kg
399,332,Cacturne,Grass,Dark,475,70,115,60,115,60,55,Scarecrow Pokémon,1.3 m,77.4 kg
400,333,Swablu,Normal,Flying,310,45,40,60,40,75,50,Cotton Bird Pokémon,0.4 m,1.2 kg
401,334,Altaria,Dragon,Flying,490,75,70,90,70,105,80,Humming Pokémon,1.1 m,20.6 kg
402,334,Altaria(Mega Altaria),Dragon,Fairy,590,75,110,110,110,105,80,Humming Pokémon,1.5 m,20.6 kg
403,335,Zangoose,Normal,,458,73,115,60,60,60,90,Cat Ferret Pokémon,1.3 m,40.3 kg
404,336,Seviper,Poison,,458,73,100,60,100,60,65,Fang Snake Pokémon,2.7 m,52.5 kg
405,337,Lunatone,Rock,Psychic,460,90,55,65,95,85,70,Meteorite Pokémon,1.0 m,168.0 kg
406,338,Solrock,Rock,Psychic,460,90,95,85,55,65,70,Meteorite Pokémon,1.2 m,154.0 kg
407,339,Barboach,Water,Ground,288,50,48,43,46,41,60,Whiskers Pokémon,0.4 m,1.9 kg
408,340,Whiscash,Water,Ground,468,110,78,73,76,71,60,Whiskers Pokémon,0.9 m,23.6 kg
409,341,Corphish,Water,,308,43,80,65,50,35,35,Ruffian Pokémon,0.6 m,11.5 kg
410,342,Crawdaunt,Water,Dark,468,63,120,85,90,55,55,Rogue Pokémon,1.1 m,32.8 kg
411,343,Baltoy,Ground,Psychic,300,40,40,55,40,70,55,Clay Doll Pokémon,0.5 m,21.5 kg
412,344,Claydol,Ground,Psychic,500,60,70,105,70,120,75,Clay Doll Pokémon,1.5 m,108.0 kg
413,345,Lileep,Rock,Grass,355,66,41,77,61,87,23,Sea Lily Pokémon,1.0 m,23.8 kg
414,346,Cradily,Rock,Grass,495,86,81,97,81,107,43,Barnacle Pokémon,1.5 m,60.4 kg
415,347,Anorith,Rock,Bug,355,45,95,50,40,50,75,Old Shrimp Pokémon,0.7 m,12.5 kg
416,348,Armaldo,Rock,Bug,495,75,125,100,70,80,45,Plate Pokémon,1.5 m,68.2 kg
417,349,Feebas,Water,,200,20,15,20,10,55,80,Fish Pokémon,0.6 m,7.4 kg
418,350,Milotic,Water,,540,95,60,79,100,125,81,Tender Pokémon,6.2 m,162.0 kg
419,351,Castform,Normal,,420,70,70,70,70,70,70,Weather Pokémon,0.3 m,0.8 kg
420,351,Castform(Sunny Form),Fire,,420,70,70,70,70,70,70,Weather Pokémon,0.3 m,0.8 kg
421,351,Castform(Rainy Form),Water,,420,70,70,70,70,70,70,Weather Pokémon,0.3 m,0.8 kg
422,351,Castform(Snowy Form),Ice,,420,70,70,70,70,70,70,Weather Pokémon,0.3 m,0.8 kg
423,352,Kecleon,Normal,,440,60,90,70,60,120,40,Color Swap Pokémon,1.0 m,22.0 kg
424,353,Shuppet,Ghost,,295,44,75,35,63,33,45,Puppet Pokémon,0.6 m,2.3 kg
425,354,Banette,Ghost,,455,64,115,65,83,63,65,Marionette Pokémon,1.1 m,12.5 kg
426,354,Banette(Mega Banette),Ghost,,555,64,165,75,93,83,75,Marionette Pokémon,1.2 m,13.0 kg
427,355,Duskull,Ghost,,295,20,40,90,30,90,25,Requiem Pokémon,0.8 m,15.0 kg
428,356,Dusclops,Ghost,,455,40,70,130,60,130,25,Beckon Pokémon,1.6 m,30.6 kg
429,357,Tropius,Grass,Flying,460,99,68,83,72,87,51,Fruit Pokémon,2.0 m,100.0 kg
430,358,Chimecho,Psychic,,455,75,50,80,95,90,65,Wind Chime Pokémon,0.6 m,1.0 kg
431,359,Absol,Dark,,465,65,130,60,75,60,75,Disaster Pokémon,1.2 m,47.0 kg
432,359,Absol(Mega Absol),Dark,,565,65,150,60,115,60,115,Disaster Pokémon,1.2 m,49.0 kg
433,360,Wynaut,Psychic,,260,95,23,48,23,48,23,Bright Pokémon,0.6 m,14.0 kg
434,361,Snorunt,Ice,,300,50,50,50,50,50,50,Snow Hat Pokémon,0.7 m,16.8 kg
435,362,Glalie,Ice,,480,80,80,80,80,80,80,Face Pokémon,1.5 m,256.5 kg
436,362,Glalie(Mega Glalie),Ice,,580,80,120,80,120,80,100,Face Pokémon,2.1 m,350.2 kg
437,363,Spheal,Ice,Water,290,70,40,50,55,50,25,Clap Pokémon,0.8 m,39.5 kg
438,364,Sealeo,Ice,Water,410,90,60,70,75,70,45,Ball Roll Pokémon,1.1 m,87.6 kg
439,365,Walrein,Ice,Water,530,110,80,90,95,90,65,Ice Break Pokémon,1.4 m,150.6 kg
440,366,Clamperl,Water,,345,35,64,85,74,55,32,Bivalve Pokémon,0.4 m,52.5 kg
441,367,Huntail,Water,,485,55,104,105,94,75,52,Deep Sea Pokémon,1.7 m,27.0 kg
442,368,Gorebyss,Water,,485,55,84,105,114,75,52,South Sea Pokémon,1.8 m,22.6 kg
443,369,Relicanth,Water,Rock,485,100,90,130,45,65,55,Longevity Pokémon,1.0 m,23.4 kg
444,370,Luvdisc,Water,,330,43,30,55,40,65,97,Rendezvous Pokémon,0.6 m,8.7 kg
445,371,Bagon,Dragon,,300,45,75,60,40,30,50,Rock Head Pokémon,0.6 m,42.1 kg
446,372,Shelgon,Dragon,,420,65,95,100,60,50,50,Endurance Pokémon,1.1 m,110.5 kg
447,373,Salamence,Dragon,Flying,600,95,135,80,110,80,100,Dragon Pokémon,1.5 m,102.6 kg
448,373,Salamence(Mega Salamence),Dragon,Flying,700,95,145,130,120,90,120,Dragon Pokémon,1.8 m,112.6 kg
449,374,Beldum,Steel,Psychic,300,40,55,80,35,60,30,Iron Ball Pokémon,0.6 m,95.2 kg
450,375,Metang,Steel,Psychic,420,60,75,100,55,80,50,Iron Claw Pokémon,1.2 m,202.5 kg
451,376,Metagross,Steel,Psychic,600,80,135,130,95,90,70,Iron Leg Pokémon,1.6 m,550.0 kg
452,376,Metagross(Mega Metagross),Steel,Psychic,700,80,145,150,105,110,110,Iron Leg Pokémon,2.5 m,942.9 kg
453,377,Regirock,Rock,,580,80,100,200,50,100,50,Rock Peak Pokémon,1.7 m,230.0 kg
454,378,Regice,Ice,,580,80,50,100,100,200,50,Iceberg Pokémon,1.8 m,175.0 kg
455,379,Registeel,Steel,,580,80,75,150,75,150,50,Iron Pokémon,1.9 m,205.0 kg
456,380,Latias,Dragon,Psychic,600,80,80,90,110,130,110,Eon Pokémon,1.4 m,40.0 kg
457,380,Latias(Mega Latias),Dragon,Psychic,700,80,100,120,140,150,110,Eon Pokémon,1.8 m,52.0 kg
458,381,Latios,Dragon,Psychic,600,80,90,80,130,110,110,Eon Pokémon,2.0 m,60.0 kg
459,381,Latios(Mega Latios),Dragon,Psychic,700,80,130,100,160,120,110,Eon Pokémon,2.3 m,70.0 kg
460,382,Kyogre,Water,,670,100,100,90,150,140,90,Sea Basin Pokémon,4.5 m,352.0 kg
461,382,Kyogre(Primal Kyogre),Water,,770,100,150,90,180,160,90,Sea Basin Pokémon,9.8 m,430.0 kg
462,383,Groudon,Ground,,670,100,150,140,100,90,90,Continent Pokémon,3.5 m,950.0 kg
463,383,Groudon(Primal Groudon),Ground,Fire,770,100,180,160,150,90,90,Continent Pokémon,5.0 m,999.7 kg
464,384,Rayquaza,Dragon,Flying,680,105,150,90,150,90,95,Sky High Pokémon,7.0 m,206.5 kg
465,384,Rayquaza(Mega Rayquaza),Dragon,Flying,780,105,180,100,180,100,115,Sky High Pokémon,10.8 m,392.0 kg
466,385,Jirachi,Steel,Psychic,600,100,100,100,100,100,100,Wish Pokémon,0.3 m,1.1 kg
467,386,Deoxys(Normal Forme),Psychic,,600,50,150,50,150,50,150,DNA Pokémon,1.7 m,60.8 kg
468,386,Deoxys(Attack Forme),Psychic,,600,50,180,20,180,20,150,DNA Pokémon,1.7 m,60.8 kg
469,386,Deoxys(Defense Forme),Psychic,,600,50,70,160,70,160,90,DNA Pokémon,1.7 m,60.8 kg
470,386,Deoxys(Speed Forme),Psychic,,600,50,95,90,95,90,180,DNA Pokémon,1.7 m,60.8 kg
471,387,Turtwig,Grass,,318,55,68,64,45,55,31,Tiny Leaf Pokémon,0.4 m,10.2 kg
472,388,Grotle,Grass,,405,75,89,85,55,65,36,Grove Pokémon,1.1 m,97.0 kg
473,389,Torterra,Grass,Ground,525,95,109,105,75,85,56,Continent Pokémon,2.2 m,310.0 kg
474,390,Chimchar,Fire,,309,44,58,44,58,44,61,Chimp Pokémon,0.5 m,6.2 kg
475,391,Monferno,Fire,Fighting,405,64,78,52,78,52,81,Playful Pokémon,0.9 m,22.0 kg
476,392,Infernape,Fire,Fighting,534,76,104,71,104,71,108,Flame Pokémon,1.2 m,55.0 kg
477,393,Piplup,Water,,314,53,51,53,61,56,40,Penguin Pokémon,0.4 m,5.2 kg
478,394,Prinplup,Water,,405,64,66,68,81,76,50,Penguin Pokémon,0.8 m,23.0 kg
479,395,Empoleon,Water,Steel,530,84,86,88,111,101,60,Emperor Pokémon,1.7 m,84.5 kg
480,396,Starly,Normal,Flying,245,40,55,30,30,30,60,Starling Pokémon,0.3 m,2.0 kg
481,397,Staravia,Normal,Flying,340,55,75,50,40,40,80,Starling Pokémon,0.6 m,15.5 kg
482,398,Staraptor,Normal,Flying,485,85,120,70,50,60,100,Predator Pokémon,1.2 m,24.9 kg
483,399,Bidoof,Normal,,250,59,45,40,35,40,31,Plump Mouse Pokémon,0.5 m,20.0 kg
484,400,Bibarel,Normal,Water,410,79,85,60,55,60,71,Beaver Pokémon,1.0 m,31.5 kg
485,401,Kricketot,Bug,,194,37,25,41,25,41,25,Cricket Pokémon,0.3 m,2.2 kg
486,402,Kricketune,Bug,,384,77,85,51,55,51,65,Cricket Pokémon,1.0 m,25.5 kg
487,403,Shinx,Electric,,263,45,65,34,40,34,45,Flash Pokémon,0.5 m,9.5 kg
488,404,Luxio,Electric,,363,60,85,49,60,49,60,Spark Pokémon,0.9 m,30.5 kg
489,405,Luxray,Electric,,523,80,120,79,95,79,70,Gleam Eyes Pokémon,1.4 m,42.0 kg
490,406,Budew,Grass,Poison,280,40,30,35,50,70,55,Bud Pokémon,0.2 m,1.2 kg
491,407,Roserade,Grass,Poison,515,60,70,65,125,105,90,Bouquet Pokémon,0.9 m,14.5 kg
492,408,Cranidos,Rock,,350,67,125,40,30,30,58,Head Butt Pokémon,0.9 m,31.5 kg
493,409,Rampardos,Rock,,495,97,165,60,65,50,58,Head Butt Pokémon,1.6 m,102.5 kg
494,410,Shieldon,Rock,Steel,350,30,42,118,42,88,30,Shield Pokémon,0.5 m,57.0 kg
495,411,Bastiodon,Rock,Steel,495,60,52,168,47,138,30,Shield Pokémon,1.3 m,149.5 kg
496,412,Burmy,Bug,,224,40,29,45,29,45,36,Bagworm Pokémon,0.2 m,3.4 kg
497,413,Wormadam(Plant Cloak),Bug,Grass,424,60,59,85,79,105,36,Bagworm Pokémon,0.5 m,6.5 kg
498,413,Wormadam(Sandy Cloak),Bug,Ground,424,60,79,105,59,85,36,Bagworm Pokémon,0.5 m,6.5 kg
499,413,Wormadam(Trash Cloak),Bug,Steel,424,60,69,95,69,95,36,Bagworm Pokémon,0.5 m,6.5 kg
500,414,Mothim,Bug,Flying,424,70,94,50,94,50,66,Moth Pokémon,0.9 m,23.3 kg
501,415,Combee,Bug,Flying,244,30,30,42,30,42,70,Tiny Bee Pokémon,0.3 m,5.5 kg
502,416,Vespiquen,Bug,Flying,474,70,80,102,80,102,40,Beehive Pokémon,1.2 m,38.5 kg
503,417,Pachirisu,Electric,,405,60,45,70,45,90,95,EleSquirrel Pokémon,0.4 m,3.9 kg
504,418,Buizel,Water,,330,55,65,35,60,30,85,Sea Weasel Pokémon,0.7 m,29.5 kg
505,419,Floatzel,Water,,495,85,105,55,85,50,115,Sea Weasel Pokémon,1.1 m,33.5 kg
506,420,Cherubi,Grass,,275,45,35,45,62,53,35,Cherry Pokémon,0.4 m,3.3 kg
507,421,Cherrim,Grass,,450,70,60,70,87,78,85,Blossom Pokémon,0.5 m,9.3 kg
508,422,Shellos,Water,,325,76,48,48,57,62,34,Sea Slug Pokémon,0.3 m,6.3 kg
509,423,Gastrodon,Water,Ground,475,111,83,68,92,82,39,Sea Slug Pokémon,0.9 m,29.9 kg
510,424,Ambipom,Normal,,482,75,100,66,60,66,115,Long Tail Pokémon,1.2 m,20.3 kg
511,425,Drifloon,Ghost,Flying,348,90,50,34,60,44,70,Balloon Pokémon,0.4 m,1.2 kg
512,426,Drifblim,Ghost,Flying,498,150,80,44,90,54,80,Blimp Pokémon,1.2 m,15.0 kg
513,427,Buneary,Normal,,350,55,66,44,44,56,85,Rabbit Pokémon,0.4 m,5.5 kg
514,428,Lopunny,Normal,,480,65,76,84,54,96,105,Rabbit Pokémon,1.2 m,33.3 kg
515,428,Lopunny(Mega Lopunny),Normal,Fighting,580,65,136,94,54,96,135,Rabbit Pokémon,1.3 m,28.3 kg
516,429,Mismagius,Ghost,,495,60,60,60,105,105,105,Magical Pokémon,0.9 m,4.4 kg
517,430,Honchkrow,Dark,Flying,505,100,125,52,105,52,71,Big Boss Pokémon,0.9 m,27.3 kg
518,431,Glameow,Normal,,310,49,55,42,42,37,85,Catty Pokémon,0.5 m,3.9 kg
519,432,Purugly,Normal,,452,71,82,64,64,59,112,Tiger Cat Pokémon,1.0 m,43.8 kg
520,433,Chingling,Psychic,,285,45,30,50,65,50,45,Bell Pokémon,0.2 m,0.6 kg
521,434,Stunky,Poison,Dark,329,63,63,47,41,41,74,Skunk Pokémon,0.4 m,19.2 kg
522,435,Skuntank,Poison,Dark,479,103,93,67,71,61,84,Skunk Pokémon,1.0 m,38.0 kg
523,436,Bronzor,Steel,Psychic,300,57,24,86,24,86,23,Bronze Pokémon,0.5 m,60.5 kg
524,437,Bronzong,Steel,Psychic,500,67,89,116,79,116,33,Bronze Bell Pokémon,1.3 m,187.0 kg
525,438,Bonsly,Rock,,290,50,80,95,10,45,10,Bonsai Pokémon,0.5 m,15.0 kg
526,439,Mime Jr.,Psychic,Fairy,310,20,25,45,70,90,60,Mime Pokémon,0.6 m,13.0 kg
527,440,Happiny,Normal,,220,100,5,5,15,65,30,Playhouse Pokémon,0.6 m,24.4 kg
528,441,Chatot,Normal,Flying,411,76,65,45,92,42,91,Music Note Pokémon,0.5 m,1.9 kg
529,442,Spiritomb,Ghost,Dark,485,50,92,108,92,108,35,Forbidden Pokémon,1.0 m,108.0 kg
530,443,Gible,Dragon,Ground,300,58,70,45,40,45,42,Land Shark Pokémon,0.7 m,20.5 kg
531,444,Gabite,Dragon,Ground,410,68,90,65,50,55,82,Cave Pokémon,1.4 m,56.0 kg
532,445,Garchomp,Dragon,Ground,600,108,130,95,80,85,102,Mach Pokémon,1.9 m,95.0 kg
533,445,Garchomp(Mega Garchomp),Dragon,Ground,700,108,170,115,120,95,92,Mach Pokémon,1.9 m,95.0 kg
534,446,Munchlax,Normal,,390,135,85,40,40,85,5,Big Eater Pokémon,0.6 m,105.0 kg
535,447,Riolu,Fighting,,285,40,70,40,35,40,60,Emanation Pokémon,0.7 m,20.2 kg
536,448,Lucario,Fighting,Steel,525,70,110,70,115,70,90,Aura Pokémon,1.2 m,54.0 kg
537,448,Lucario(Mega Lucario),Fighting,Steel,625,70,145,88,140,70,112,Aura Pokémon,1.3 m,57.5 kg
538,449,Hippopotas,Ground,,330,68,72,78,38,42,32,Hippo Pokémon,0.8 m,49.5 kg
539,450,Hippowdon,Ground,,525,108,112,118,68,72,47,Heavyweight Pokémon,2.0 m,300.0 kg
540,451,Skorupi,Poison,Bug,330,40,50,90,30,55,65,Scorpion Pokémon,0.8 m,12.0 kg
541,452,Drapion,Poison,Dark,500,70,90,110,60,75,95,Ogre Scorp Pokémon,1.3 m,61.5 kg
542,453,Croagunk,Poison,Fighting,300,48,61,40,61,40,50,Toxic Mouth Pokémon,0.7 m,23.0 kg
543,454,Toxicroak,Poison,Fighting,490,83,106,65,86,65,85,Toxic Mouth Pokémon,1.3 m,44.4 kg
544,455,Carnivine,Grass,,454,74,100,72,90,72,46,Bug Catcher Pokémon,1.4 m,27.0 kg
545,456,Finneon,Water,,330,49,49,56,49,61,66,Wing Fish Pokémon,0.4 m,7.0 kg
546,457,Lumineon,Water,,460,69,69,76,69,86,91,Neon Pokémon,1.2 m,24.0 kg
547,458,Mantyke,Water,Flying,345,45,20,50,60,120,50,Kite Pokémon,1.0 m,65.0 kg
548,459,Snover,Grass,Ice,334,60,62,50,62,60,40,Frost Tree Pokémon,1.0 m,50.5 kg
549,460,Abomasnow,Grass,Ice,494,90,92,75,92,85,60,Frost Tree Pokémon,2.2 m,135.5 kg
550,460,Abomasnow(Mega Abomasnow),Grass,Ice,594,90,132,105,132,105,30,Frost Tree Pokémon,2.7 m,185.0 kg
551,461,Weavile,Dark,Ice,510,70,120,65,45,85,125,Sharp Claw Pokémon,1.1 m,34.0 kg
552,462,Magnezone,Electric,Steel,535,70,70,115,130,90,60,Magnet Area Pokémon,1.2 m,180.0 kg
553,463,Lickilicky,Normal,,515,110,85,95,80,95,50,Licking Pokémon,1.7 m,140.0 kg
554,464,Rhyperior,Ground,Rock,535,115,140,130,55,55,40,Drill Pokémon,2.4 m,282.8 kg
555,465,Tangrowth,Grass,,535,100,100,125,110,50,50,Vine Pokémon,2.0 m,128.6 kg
556,466,Electivire,Electric,,540,75,123,67,95,85,95,Thunderbolt Pokémon,1.8 m,138.6 kg
557,467,Magmortar,Fire,,540,75,95,67,125,95,83,Blast Pokémon,1.6 m,68.0 kg
558,468,Togekiss,Fairy,Flying,545,85,50,95,120,115,80,Jubilee Pokémon,1.5 m,38.0 kg
559,469,Yanmega,Bug,Flying,515,86,76,86,116,56,95,Ogre Darner Pokémon,1.9 m,51.5 kg
560,470,Leafeon,Grass,,525,65,110,130,60,65,95,Verdant Pokémon,1.0 m,25.5 kg
561,471,Glaceon,Ice,,525,65,60,110,130,95,65,Fresh Snow Pokémon,0.8 m,25.9 kg
562,472,Gliscor,Ground,Flying,510,75,95,125,45,75,95,Fang Scorp Pokémon,2.0 m,42.5 kg
563,473,Mamoswine,Ice,Ground,530,110,130,80,70,60,80,Twin Tusk Pokémon,2.5 m,291.0 kg
564,474,Porygon-Z,Normal,,535,85,80,70,135,75,90,Virtual Pokémon,0.9 m,34.0 kg
565,475,Gallade,Psychic,Fighting,518,68,125,65,65,115,80,Blade Pokémon,1.6 m,52.0 kg
566,475,Gallade(Mega Gallade),Psychic,Fighting,618,68,165,95,65,115,110,Blade Pokémon,1.6 m,56.4 kg
567,476,Probopass,Rock,Steel,525,60,55,145,75,150,40,Compass Pokémon,1.4 m,340.0 kg
568,477,Dusknoir,Ghost,,525,45,100,135,65,135,45,Gripper Pokémon,2.2 m,106.6 kg
569,478,Froslass,Ice,Ghost,480,70,80,70,80,70,110,Snow Land Pokémon,1.3 m,26.6 kg
570,479,Rotom,Electric,Ghost,440,50,50,77,95,77,91,Plasma Pokémon,0.3 m,0.3 kg
571,479,Rotom(Heat Rotom),Electric,Fire,520,50,65,107,105,107,86,Plasma Pokémon,0.3 m,0.3 kg
572,479,Rotom(Wash Rotom),Electric,Water,520,50,65,107,105,107,86,Plasma Pokémon,0.3 m,0.3 kg
573,479,Rotom(Frost Rotom),Electric,Ice,520,50,65,107,105,107,86,Plasma Pokémon,0.3 m,0.3 kg
574,479,Rotom(Fan Rotom),Electric,Flying,520,50,65,107,105,107,86,Plasma Pokémon,0.3 m,0.3 kg
575,479,Rotom(Mow Rotom),Electric,Grass,520,50,65,107,105,107,86,Plasma Pokémon,0.3 m,0.3 kg
576,480,Uxie,Psychic,,580,75,75,130,75,130,95,Knowledge Pokémon,0.3 m,0.3 kg
577,481,Mesprit,Psychic,,580,80,105,105,105,105,80,Emotion Pokémon,0.3 m,0.3 kg
578,482,Azelf,Psychic,,580,75,125,70,125,70,115,Willpower Pokémon,0.3 m,0.3 kg
579,483,Dialga,Steel,Dragon,680,100,120,120,150,100,90,Temporal Pokémon,5.4 m,683.0 kg
580,484,Palkia,Water,Dragon,680,90,120,100,150,120,100,Spatial Pokémon,4.2 m,336.0 kg
581,485,Heatran,Fire,Steel,600,91,90,106,130,106,77,Lava Dome Pokémon,1.7 m,430.0 kg
582,486,Regigigas,Normal,,670,110,160,110,80,110,100,Colossal Pokémon,3.7 m,420.0 kg
583,487,Giratina(Altered Forme),Ghost,Dragon,680,150,100,120,100,120,90,Renegade Pokémon,4.5 m,750.0 kg
584,487,Giratina(Origin Forme),Ghost,Dragon,680,150,120,100,120,100,90,Renegade Pokémon,6.9 m,650.0 kg
585,488,Cresselia,Psychic,,600,120,70,120,75,130,85,Lunar Pokémon,1.5 m,85.6 kg
586,489,Phione,Water,,480,80,80,80,80,80,80,Sea Drifter Pokémon,0.4 m,3.1 kg
587,490,Manaphy,Water,,600,100,100,100,100,100,100,Seafaring Pokémon,0.3 m,1.4 kg
588,491,Darkrai,Dark,,600,70,90,90,135,90,125,Pitch-Black Pokémon,1.5 m,50.5 kg
589,492,Shaymin(Land Forme),Grass,,600,100,100,100,100,100,100,Gratitude Pokémon,0.2 m,2.1 kg
590,492,Shaymin(Sky Forme),Grass,Flying,600,100,103,75,120,75,127,Gratitude Pokémon,0.4 m,5.2 kg
591,493,Arceus,Normal,,720,120,120,120,120,120,120,Alpha Pokémon,3.2 m,320.0 kg
592,494,Victini,Psychic,Fire,600,100,100,100,100,100,100,Victory Pokémon,0.4 m,4.0 kg
593,495,Snivy,Grass,,308,45,45,55,45,55,63,Grass Snake Pokémon,0.6 m,8.1 kg
594,496,Servine,Grass,,413,60,60,75,60,75,83,Grass Snake Pokémon,0.8 m,16.0 kg
595,497,Serperior,Grass,,528,75,75,95,75,95,113,Regal Pokémon,3.3 m,63.0 kg
596,498,Tepig,Fire,,308,65,63,45,45,45,45,Fire Pig Pokémon,0.5 m,9.9 kg
597,499,Pignite,Fire,Fighting,418,90,93,55,70,55,55,Fire Pig Pokémon,1.0 m,55.5 kg
598,500,Emboar,Fire,Fighting,528,110,123,65,100,65,65,Mega Fire Pig Pokémon,1.6 m,150.0 kg
599,501,Oshawott,Water,,308,55,55,45,63,45,45,Sea Otter Pokémon,0.5 m,5.9 kg
600,502,Dewott,Water,,413,75,75,60,83,60,60,Discipline Pokémon,0.8 m,24.5 kg
601,503,Samurott,Water,,528,95,100,85,108,70,70,Formidable Pokémon,1.5 m,94.6 kg
602,504,Patrat,Normal,,255,45,55,39,35,39,42,Scout Pokémon,0.5 m,11.6 kg
603,505,Watchog,Normal,,420,60,85,69,60,69,77,Lookout Pokémon,1.1 m,27.0 kg
604,506,Lillipup,Normal,,275,45,60,45,25,45,55,Puppy Pokémon,0.4 m,4.1 kg
605,507,Herdier,Normal,,370,65,80,65,35,65,60,Loyal Dog Pokémon,0.9 m,14.7 kg
606,508,Stoutland,Normal,,500,85,110,90,45,90,80,Big-Hearted Pokémon,1.2 m,61.0 kg
607,509,Purrloin,Dark,,281,41,50,37,50,37,66,Devious Pokémon,0.4 m,10.1 kg
608,510,Liepard,Dark,,446,64,88,50,88,50,106,Cruel Pokémon,1.1 m,37.5 kg
609,511,Pansage,Grass,,316,50,53,48,53,48,64,Grass Monkey Pokémon,0.6 m,10.5 kg
610,512,Simisage,Grass,,498,75,98,63,98,63,101,Thorn Monkey Pokémon,1.1 m,30.5 kg
611,513,Pansear,Fire,,316,50,53,48,53,48,64,High Temp Pokémon,0.6 m,11.0 kg
612,514,Simisear,Fire,,498,75,98,63,98,63,101,Ember Pokémon,1.0 m,28.0 kg
613,515,Panpour,Water,,316,50,53,48,53,48,64,Spray Pokémon,0.6 m,13.5 kg
614,516,Simipour,Water,,498,75,98,63,98,63,101,Geyser Pokémon,1.0 m,29.0 kg
615,517,Munna,Psychic,,292,76,25,45,67,55,24,Dream Eater Pokémon,0.6 m,23.3 kg
616,518,Musharna,Psychic,,487,116,55,85,107,95,29,Drowsing Pokémon,1.1 m,60.5 kg
617,519,Pidove,Normal,Flying,264,50,55,50,36,30,43,Tiny Pigeon Pokémon,0.3 m,2.1 kg
618,520,Tranquill,Normal,Flying,358,62,77,62,50,42,65,Wild Pigeon Pokémon,0.6 m,15.0 kg
619,521,Unfezant,Normal,Flying,488,80,115,80,65,55,93,Proud Pokémon,1.2 m,29.0 kg
620,522,Blitzle,Electric,,295,45,60,32,50,32,76,Electrified Pokémon,0.8 m,29.8 kg
621,523,Zebstrika,Electric,,497,75,100,63,80,63,116,Thunderbolt Pokémon,1.6 m,79.5 kg
622,524,Roggenrola,Rock,,280,55,75,85,25,25,15,Mantle Pokémon,0.4 m,18.0 kg
623,525,Boldore,Rock,,390,70,105,105,50,40,20,Ore Pokémon,0.9 m,102.0 kg
624,526,Gigalith,Rock,,515,85,135,130,60,80,25,Compressed Pokémon,1.7 m,260.0 kg
625,527,Woobat,Psychic,Flying,323,65,45,43,55,43,72,Bat Pokémon,0.4 m,2.1 kg
626,528,Swoobat,Psychic,Flying,425,67,57,55,77,55,114,Courting Pokémon,0.9 m,10.5 kg
627,529,Drilbur,Ground,,328,60,85,40,30,45,68,Mole Pokémon,0.3 m,8.5 kg
628,530,Excadrill,Ground,Steel,508,110,135,60,50,65,88,Subterrene Pokémon,0.7 m,40.4 kg
629,531,Audino,Normal,,445,103,60,86,60,86,50,Hearing Pokémon,1.1 m,31.0 kg
630,531,Audino(Mega Audino),Normal,Fairy,545,103,60,126,80,126,50,Hearing Pokémon,1.5 m,32.0 kg
631,532,Timburr,Fighting,,305,75,80,55,25,35,35,Muscular Pokémon,0.6 m,12.5 kg
632,533,Gurdurr,Fighting,,405,85,105,85,40,50,40,Muscular Pokémon,1.2 m,40.0 kg
633,534,Conkeldurr,Fighting,,505,105,140,95,55,65,45,Muscular Pokémon,1.4 m,87.0 kg
634,535,Tympole,Water,,294,50,50,40,50,40,64,Tadpole Pokémon,0.5 m,4.5 kg
635,536,Palpitoad,Water,Ground,384,75,65,55,65,55,69,Vibration Pokémon,0.8 m,17.0 kg
636,537,Seismitoad,Water,Ground,509,105,95,75,85,75,74,Vibration Pokémon,1.5 m,62.0 kg
637,538,Throh,Fighting,,465,120,100,85,30,85,45,Judo Pokémon,1.3 m,55.5 kg
638,539,Sawk,Fighting,,465,75,125,75,30,75,85,Karate Pokémon,1.4 m,51.0 kg
639,540,Sewaddle,Bug,Grass,310,45,53,70,40,60,42,Sewing Pokémon,0.3 m,2.5 kg
640,541,Swadloon,Bug,Grass,380,55,63,90,50,80,42,Leaf-Wrapped Pokémon,0.5 m,7.3 kg
641,542,Leavanny,Bug,Grass,500,75,103,80,70,80,92,Nurturing Pokémon,1.2 m,20.5 kg
642,543,Venipede,Bug,Poison,260,30,45,59,30,39,57,Centipede Pokémon,0.4 m,5.3 kg
643,544,Whirlipede,Bug,Poison,360,40,55,99,40,79,47,Curlipede Pokémon,1.2 m,58.5 kg
644,545,Scolipede,Bug,Poison,485,60,100,89,55,69,112,Megapede Pokémon,2.5 m,200.5 kg
645,546,Cottonee,Grass,Fairy,280,40,27,60,37,50,66,Cotton Puff Pokémon,0.3 m,0.6 kg
646,547,Whimsicott,Grass,Fairy,480,60,67,85,77,75,116,Windveiled Pokémon,0.7 m,6.6 kg
647,548,Petilil,Grass,,280,45,35,50,70,50,30,Bulb Pokémon,0.5 m,6.6 kg
648,549,Lilligant,Grass,,480,70,60,75,110,75,90,Flowering Pokémon,1.1 m,16.3 kg
649,550,Basculin(Red-Striped Form),Water,,460,70,92,65,80,55,98,Hostile Pokémon,1.0 m,18.0 kg
650,550,Basculin(Blue-Striped Form),Water,,460,70,92,65,80,55,98,Hostile Pokémon,1.0 m,18.0 kg
651,551,Sandile,Ground,Dark,292,50,72,35,35,35,65,Desert Croc Pokémon,0.7 m,15.2 kg
652,552,Krokorok,Ground,Dark,351,60,82,45,45,45,74,Desert Croc Pokémon,1.0 m,33.4 kg
653,553,Krookodile,Ground,Dark,519,95,117,80,65,70,92,Intimidation Pokémon,1.5 m,96.3 kg
654,554,Darumaka,Fire,,315,70,90,45,15,45,50,Zen Charm Pokémon,0.6 m,37.5 kg
655,554,Darumaka(Galarian Darumaka),Ice,,315,70,90,45,15,45,50,Zen Charm Pokémon,0.7 m,40.0 kg
656,555,Darmanitan(Standard Mode),Fire,,480,105,140,55,30,55,95,Blazing Pokémon,1.3 m,92.9 kg
657,555,Darmanitan(Zen Mode),Fire,Psychic,540,105,30,105,140,105,55,Blazing Pokémon,1.3 m,92.9 kg
658,555,Darmanitan(Galarian Standard Mode),Ice,,480,105,140,55,30,55,95,Zen Charm Pokémon,1.7 m,120.0 kg
659,555,Darmanitan(Galarian Zen Mode),Ice,Fire,540,105,160,55,30,55,135,Zen Charm Pokémon,1.7 m,120.0 kg
660,556,Maractus,Grass,,461,75,86,67,106,67,60,Cactus Pokémon,1.0 m,28.0 kg
661,557,Dwebble,Bug,Rock,325,50,65,85,35,35,55,Rock Inn Pokémon,0.3 m,14.5 kg
662,558,Crustle,Bug,Rock,485,70,105,125,65,75,45,Stone Home Pokémon,1.4 m,200.0 kg
663,559,Scraggy,Dark,Fighting,348,50,75,70,35,70,48,Shedding Pokémon,0.6 m,11.8 kg
664,560,Scrafty,Dark,Fighting,488,65,90,115,45,115,58,Hoodlum Pokémon,1.1 m,30.0 kg
665,561,Sigilyph,Psychic,Flying,490,72,58,80,103,80,97,Avianoid Pokémon,1.4 m,14.0 kg
666,562,Yamask,Ghost,,303,38,30,85,55,65,30,Spirit Pokémon,0.5 m,1.5 kg
667,562,Yamask(Galarian Yamask),Ground,Ghost,303,38,55,85,30,65,30,Spirit Pokémon,0.5 m,1.5 kg
668,563,Cofagrigus,Ghost,,483,58,50,145,95,105,30,Coffin Pokémon,1.7 m,76.5 kg
669,564,Tirtouga,Water,Rock,355,54,78,103,53,45,22,Prototurtle Pokémon,0.7 m,16.5 kg
670,565,Carracosta,Water,Rock,495,74,108,133,83,65,32,Prototurtle Pokémon,1.2 m,81.0 kg
671,566,Archen,Rock,Flying,401,55,112,45,74,45,70,First Bird Pokémon,0.5 m,9.5 kg
672,567,Archeops,Rock,Flying,567,75,140,65,112,65,110,First Bird Pokémon,1.4 m,32.0 kg
673,568,Trubbish,Poison,,329,50,50,62,40,62,65,Trash Bag Pokémon,0.6 m,31.0 kg
674,569,Garbodor,Poison,,474,80,95,82,60,82,75,Trash Heap Pokémon,1.9 m,107.3 kg
675,570,Zorua,Dark,,330,40,65,40,80,40,65,Tricky Fox Pokémon,0.7 m,12.5 kg
676,571,Zoroark,Dark,,510,60,105,60,120,60,105,Illusion Fox Pokémon,1.6 m,81.1 kg
677,572,Minccino,Normal,,300,55,50,40,40,40,75,Chinchilla Pokémon,0.4 m,5.8 kg
678,573,Cinccino,Normal,,470,75,95,60,65,60,115,Scarf Pokémon,0.5 m,7.5 kg
679,574,Gothita,Psychic,,290,45,30,50,55,65,45,Fixation Pokémon,0.4 m,5.8 kg
680,575,Gothorita,Psychic,,390,60,45,70,75,85,55,Manipulate Pokémon,0.7 m,18.0 kg
681,576,Gothitelle,Psychic,,490,70,55,95,95,110,65,Astral Body Pokémon,1.5 m,44.0 kg
682,577,Solosis,Psychic,,290,45,30,40,105,50,20,Cell Pokémon,0.3 m,1.0 kg
683,578,Duosion,Psychic,,370,65,40,50,125,60,30,Mitosis Pokémon,0.6 m,8.0 kg
684,579,Reuniclus,Psychic,,490,110,65,75,125,85,30,Multiplying Pokémon,1.0 m,20.1 kg
685,580,Ducklett,Water,Flying,305,62,44,50,44,50,55,Water Bird Pokémon,0.5 m,5.5 kg
686,581,Swanna,Water,Flying,473,75,87,63,87,63,98,White Bird Pokémon,1.3 m,24.2 kg
687,582,Vanillite,Ice,,305,36,50,50,65,60,44,Fresh Snow Pokémon,0.4 m,5.7 kg
688,583,Vanillish,Ice,,395,51,65,65,80,75,59,Icy Snow Pokémon,1.1 m,41.0 kg
689,584,Vanilluxe,Ice,,535,71,95,85,110,95,79,Snowstorm Pokémon,1.3 m,57.5 kg
690,585,Deerling,Normal,Grass,335,60,60,50,40,50,75,Season Pokémon,0.6 m,19.5 kg
691,586,Sawsbuck,Normal,Grass,475,80,100,70,60,70,95,Season Pokémon,1.9 m,92.5 kg
692,587,Emolga,Electric,Flying,428,55,75,60,75,60,103,Sky Squirrel Pokémon,0.4 m,5.0 kg
693,588,Karrablast,Bug,,315,50,75,45,40,45,60,Clamping Pokémon,0.5 m,5.9 kg
694,589,Escavalier,Bug,Steel,495,70,135,105,60,105,20,Cavalry Pokémon,1.0 m,33.0 kg
695,590,Foongus,Grass,Poison,294,69,55,45,55,55,15,Mushroom Pokémon,0.2 m,1.0 kg
696,591,Amoonguss,Grass,Poison,464,114,85,70,85,80,30,Mushroom Pokémon,0.6 m,10.5 kg
697,592,Frillish,Water,Ghost,335,55,40,50,65,85,40,Floating Pokémon,1.2 m,33.0 kg
698,593,Jellicent,Water,Ghost,480,100,60,70,85,105,60,Floating Pokémon,2.2 m,135.0 kg
699,594,Alomomola,Water,,470,165,75,80,40,45,65,Caring Pokémon,1.2 m,31.6 kg
700,595,Joltik,Bug,Electric,319,50,47,50,57,50,65,Attaching Pokémon,0.1 m,0.6 kg
701,596,Galvantula,Bug,Electric,472,70,77,60,97,60,108,EleSpider Pokémon,0.8 m,14.3 kg
702,597,Ferroseed,Grass,Steel,305,44,50,91,24,86,10,Thorn Seed Pokémon,0.6 m,18.8 kg
703,598,Ferrothorn,Grass,Steel,489,74,94,131,54,116,20,Thorn Pod Pokémon,1.0 m,110.0 kg
704,599,Klink,Steel,,300,40,55,70,45,60,30,Gear Pokémon,0.3 m,21.0 kg
705,600,Klang,Steel,,440,60,80,95,70,85,50,Gear Pokémon,0.6 m,51.0 kg
706,601,Klinklang,Steel,,520,60,100,115,70,85,90,Gear Pokémon,0.6 m,81.0 kg
707,602,Tynamo,Electric,,275,35,55,40,45,40,60,EleFish Pokémon,0.2 m,0.3 kg
708,603,Eelektrik,Electric,,405,65,85,70,75,70,40,EleFish Pokémon,1.2 m,22.0 kg
709,604,Eelektross,Electric,,515,85,115,80,105,80,50,EleFish Pokémon,2.1 m,80.5 kg
710,605,Elgyem,Psychic,,335,55,55,55,85,55,30,Cerebral Pokémon,0.5 m,9.0 kg
711,606,Beheeyem,Psychic,,485,75,75,75,125,95,40,Cerebral Pokémon,1.0 m,34.5 kg
712,607,Litwick,Ghost,Fire,275,50,30,55,65,55,20,Candle Pokémon,0.3 m,3.1 kg
713,608,Lampent,Ghost,Fire,370,60,40,60,95,60,55,Lamp Pokémon,0.6 m,13.0 kg
714,609,Chandelure,Ghost,Fire,520,60,55,90,145,90,80,Luring Pokémon,1.0 m,34.3 kg
715,610,Axew,Dragon,,320,46,87,60,30,40,57,Tusk Pokémon,0.6 m,18.0 kg
716,611,Fraxure,Dragon,,410,66,117,70,40,50,67,Axe Jaw Pokémon,1.0 m,36.0 kg
717,612,Haxorus,Dragon,,540,76,147,90,60,70,97,Axe Jaw Pokémon,1.8 m,105.5 kg
718,613,Cubchoo,Ice,,305,55,70,40,60,40,40,Chill Pokémon,0.5 m,8.5 kg
719,614,Beartic,Ice,,505,95,130,80,70,80,50,Freezing Pokémon,2.6 m,260.0 kg
720,615,Cryogonal,Ice,,515,80,50,50,95,135,105,Crystallizing Pokémon,1.1 m,148.0 kg
721,616,Shelmet,Bug,,305,50,40,85,40,65,25,Snail Pokémon,0.4 m,7.7 kg
722,617,Accelgor,Bug,,495,80,70,40,100,60,145,Shell Out Pokémon,0.8 m,25.3 kg
723,618,Stunfisk,Ground,Electric,471,109,66,84,81,99,32,Trap Pokémon,0.7 m,11.0 kg
724,618,Stunfisk(Galarian Stunfisk),Ground,Steel,471,109,81,99,66,84,32,Trap Pokémon,0.7 m,20.5 kg
725,619,Mienfoo,Fighting,,350,45,85,50,55,50,65,Martial Arts Pokémon,0.9 m,20.0 kg
726,620,Mienshao,Fighting,,510,65,125,60,95,60,105,Martial Arts Pokémon,1.4 m,35.5 kg
727,621,Druddigon,Dragon,,485,77,120,90,60,90,48,Cave Pokémon,1.6 m,139.0 kg
728,622,Golett,Ground,Ghost,303,59,74,50,35,50,35,Automaton Pokémon,1.0 m,92.0 kg
729,623,Golurk,Ground,Ghost,483,89,124,80,55,80,55,Automaton Pokémon,2.8 m,330.0 kg
730,624,Pawniard,Dark,Steel,340,45,85,70,40,40,60,Sharp Blade Pokémon,0.5 m,10.2 kg
731,625,Bisharp,Dark,Steel,490,65,125,100,60,70,70,Sword Blade Pokémon,1.6 m,70.0 kg
732,626,Bouffalant,Normal,,490,95,110,95,40,95,55,Bash Buffalo Pokémon,1.6 m,94.6 kg
733,627,Rufflet,Normal,Flying,350,70,83,50,37,50,60,Eaglet Pokémon,0.5 m,10.5 kg
734,628,Braviary,Normal,Flying,510,100,123,75,57,75,80,Valiant Pokémon,1.5 m,41.0 kg
735,629,Vullaby,Dark,Flying,370,70,55,75,45,65,60,Diapered Pokémon,0.5 m,9.0 kg
736,630,Mandibuzz,Dark,Flying,510,110,65,105,55,95,80,Bone Vulture Pokémon,1.2 m,39.5 kg
737,631,Heatmor,Fire,,484,85,97,66,105,66,65,Anteater Pokémon,1.4 m,58.0 kg
738,632,Durant,Bug,Steel,484,58,109,112,48,48,109,Iron Ant Pokémon,0.3 m,33.0 kg
739,633,Deino,Dark,Dragon,300,52,65,50,45,50,38,Irate Pokémon,0.8 m,17.3 kg
740,634,Zweilous,Dark,Dragon,420,72,85,70,65,70,58,Hostile Pokémon,1.4 m,50.0 kg
741,635,Hydreigon,Dark,Dragon,600,92,105,90,125,90,98,Brutal Pokémon,1.8 m,160.0 kg
742,636,Larvesta,Bug,Fire,360,55,85,55,50,55,60,Torch Pokémon,1.1 m,28.8 kg
743,637,Volcarona,Bug,Fire,550,85,60,65,135,105,100,Sun Pokémon,1.6 m,46.0 kg
744,638,Cobalion,Steel,Fighting,580,91,90,129,90,72,108,Iron Will Pokémon,2.1 m,250.0 kg
745,639,Terrakion,Rock,Fighting,580,91,129,90,72,90,108,Cavern Pokémon,1.9 m,260.0 kg
746,640,Virizion,Grass,Fighting,580,91,90,72,90,129,108,Grassland Pokémon,2.0 m,200.0 kg
747,641,Tornadus(Incarnate Forme),Flying,,580,79,115,70,125,80,111,Cyclone Pokémon,1.5 m,63.0 kg
748,641,Tornadus(Therian Forme),Flying,,580,79,100,80,110,90,121,Cyclone Pokémon,1.4 m,63.0 kg
749,642,Thundurus(Incarnate Forme),Electric,Flying,580,79,115,70,125,80,111,Bolt Strike Pokémon,1.5 m,61.0 kg
750,642,Thundurus(Therian Forme),Electric,Flying,580,79,105,70,145,80,101,Bolt Strike Pokémon,3.0 m,61.0 kg
751,643,Reshiram,Dragon,Fire,680,100,120,100,150,120,90,Vast White Pokémon,3.2 m,330.0 kg
752,644,Zekrom,Dragon,Electric,680,100,150,120,120,100,90,Deep Black Pokémon,2.9 m,345.0 kg
753,645,Landorus(Incarnate Forme),Ground,Flying,600,89,125,90,115,80,101,Abundance Pokémon,1.5 m,68.0 kg
754,645,Landorus(Therian Forme),Ground,Flying,600,89,145,90,105,80,91,Abundance Pokémon,1.3 m,68.0 kg
755,646,Kyurem,Dragon,Ice,660,125,130,90,130,90,95,Boundary Pokémon,3.0 m,325.0 kg
756,646,Kyurem(Black Kyurem),Dragon,Ice,700,125,170,100,120,90,95,Boundary Pokémon,3.3 m,325.0 kg
757,646,Kyurem(White Kyurem),Dragon,Ice,700,125,120,90,170,100,95,Boundary Pokémon,3.6 m,325.0 kg
758,647,Keldeo(Ordinary Form),Water,Fighting,580,91,72,90,129,90,108,Colt Pokémon,1.4 m,48.5 kg
759,647,Keldeo(Resolute Form),Water,Fighting,580,91,72,90,129,90,108,Colt Pokémon,1.4 m,48.5 kg
760,648,Meloetta(Aria Forme),Normal,Psychic,600,100,77,77,128,128,90,Melody Pokémon,0.6 m,6.5 kg
761,648,Meloetta(Pirouette Forme),Normal,Fighting,600,100,128,90,77,77,128,Melody Pokémon,0.6 m,6.5 kg
762,649,Genesect,Bug,Steel,600,71,120,95,120,95,99,Paleozoic Pokémon,1.5 m,82.5 kg
763,650,Chespin,Grass,,313,56,61,65,48,45,38,Spiny Nut Pokémon,0.4 m,9.0 kg
764,651,Quilladin,Grass,,405,61,78,95,56,58,57,Spiny Armor Pokémon,0.7 m,29.0 kg
765,652,Chesnaught,Grass,Fighting,530,88,107,122,74,75,64,Spiny Armor Pokémon,1.6 m,90.0 kg
766,653,Fennekin,Fire,,307,40,45,40,62,60,60,Fox Pokémon,0.4 m,9.4 kg
767,654,Braixen,Fire,,409,59,59,58,90,70,73,Fox Pokémon,1.0 m,14.5 kg
768,655,Delphox,Fire,Psychic,534,75,69,72,114,100,104,Fox Pokémon,1.5 m,39.0 kg
769,656,Froakie,Water,,314,41,56,40,62,44,71,Bubble Frog Pokémon,0.3 m,7.0 kg
770,657,Frogadier,Water,,405,54,63,52,83,56,97,Bubble Frog Pokémon,0.6 m,10.9 kg
771,658,Greninja,Water,Dark,530,72,95,67,103,71,122,Ninja Pokémon,1.5 m,40.0 kg
772,658,Greninja(Ash-Greninja),Water,Dark,640,72,145,67,153,71,132,Ninja Pokémon,1.5 m,40.0 kg
773,659,Bunnelby,Normal,,237,38,36,38,32,36,57,Digging Pokémon,0.4 m,5.0 kg
774,660,Diggersby,Normal,Ground,423,85,56,77,50,77,78,Digging Pokémon,1.0 m,42.4 kg
775,661,Fletchling,Normal,Flying,278,45,50,43,40,38,62,Tiny Robin Pokémon,0.3 m,1.7 kg
776,662,Fletchinder,Fire,Flying,382,62,73,55,56,52,84,Ember Pokémon,0.7 m,16.0 kg
777,663,Talonflame,Fire,Flying,499,78,81,71,74,69,126,Scorching Pokémon,1.2 m,24.5 kg
778,664,Scatterbug,Bug,,200,38,35,40,27,25,35,Scatterdust Pokémon,0.3 m,2.5 kg
779,665,Spewpa,Bug,,213,45,22,60,27,30,29,Scatterdust Pokémon,0.3 m,8.4 kg
780,666,Vivillon,Bug,Flying,411,80,52,50,90,50,89,Scale Pokémon,1.2 m,17.0 kg
781,667,Litleo,Fire,Normal,369,62,50,58,73,54,72,Lion Cub Pokémon,0.6 m,13.5 kg
782,668,Pyroar,Fire,Normal,507,86,68,72,109,66,106,Royal Pokémon,1.5 m,81.5 kg
783,669,Flabébé,Fairy,,303,44,38,39,61,79,42,Single Bloom Pokémon,0.1 m,0.1 kg
784,670,Floette,Fairy,,371,54,45,47,75,98,52,Single Bloom Pokémon,0.2 m,0.9 kg
785,671,Florges,Fairy,,552,78,65,68,112,154,75,Garden Pokémon,1.1 m,10.0 kg
786,672,Skiddo,Grass,,350,66,65,48,62,57,52,Mount Pokémon,0.9 m,31.0 kg
787,673,Gogoat,Grass,,531,123,100,62,97,81,68,Mount Pokémon,1.7 m,91.0 kg
788,674,Pancham,Fighting,,348,67,82,62,46,48,43,Playful Pokémon,0.6 m,8.0 kg
789,675,Pangoro,Fighting,Dark,495,95,124,78,69,71,58,Daunting Pokémon,2.1 m,136.0 kg
790,676,Furfrou,Normal,,472,75,80,60,65,90,102,Poodle Pokémon,1.2 m,28.0 kg
791,677,Espurr,Psychic,,355,62,48,54,63,60,68,Restraint Pokémon,0.3 m,3.5 kg
792,678,Meowstic(Male),Psychic,,466,74,48,76,83,81,104,Constraint Pokémon,0.6 m,8.5 kg
793,678,Meowstic(Female),Psychic,,466,74,48,76,83,81,104,Constraint Pokémon,0.6 m,8.5 kg
794,679,Honedge,Steel,Ghost,325,45,80,100,35,37,28,Sword Pokémon,0.8 m,2.0 kg
795,680,Doublade,Steel,Ghost,448,59,110,150,45,49,35,Sword Pokémon,0.8 m,4.5 kg
796,681,Aegislash(Shield Forme),Steel,Ghost,500,60,50,140,50,140,60,Royal Sword Pokémon,1.7 m,53.0 kg
797,681,Aegislash(Blade Forme),Steel,Ghost,500,60,140,50,140,50,60,Royal Sword Pokémon,1.7 m,53.0 kg
798,682,Spritzee,Fairy,,341,78,52,60,63,65,23,Perfume Pokémon,0.2 m,0.5 kg
799,683,Aromatisse,Fairy,,462,101,72,72,99,89,29,Fragrance Pokémon,0.8 m,15.5 kg
800,684,Swirlix,Fairy,,341,62,48,66,59,57,49,Cotton Candy Pokémon,0.4 m,3.5 kg
801,685,Slurpuff,Fairy,,480,82,80,86,85,75,72,Meringue Pokémon,0.8 m,5.0 kg
802,686,Inkay,Dark,Psychic,288,53,54,53,37,46,45,Revolving Pokémon,0.4 m,3.5 kg
803,687,Malamar,Dark,Psychic,482,86,92,88,68,75,73,Overturning Pokémon,1.5 m,47.0 kg
804,688,Binacle,Rock,Water,306,42,52,67,39,56,50,Two-Handed Pokémon,0.5 m,31.0 kg
805,689,Barbaracle,Rock,Water,500,72,105,115,54,86,68,Collective Pokémon,1.3 m,96.0 kg
806,690,Skrelp,Poison,Water,320,50,60,60,60,60,30,Mock Kelp Pokémon,0.5 m,7.3 kg
807,691,Dragalge,Poison,Dragon,494,65,75,90,97,123,44,Mock Kelp Pokémon,1.8 m,81.5 kg
808,692,Clauncher,Water,,330,50,53,62,58,63,44,Water Gun Pokémon,0.5 m,8.3 kg
809,693,Clawitzer,Water,,500,71,73,88,120,89,59,Howitzer Pokémon,1.3 m,35.3 kg
810,694,Helioptile,Electric,Normal,289,44,38,33,61,43,70,Generator Pokémon,0.5 m,6.0 kg
811,695,Heliolisk,Electric,Normal,481,62,55,52,109,94,109,Generator Pokémon,1.0 m,21.0 kg
812,696,Tyrunt,Rock,Dragon,362,58,89,77,45,45,48,Royal Heir Pokémon,0.8 m,26.0 kg
813,697,Tyrantrum,Rock,Dragon,521,82,121,119,69,59,71,Despot Pokémon,2.5 m,270.0 kg
814,698,Amaura,Rock,Ice,362,77,59,50,67,63,46,Tundra Pokémon,1.3 m,25.2 kg
815,699,Aurorus,Rock,Ice,521,123,77,72,99,92,58,Tundra Pokémon,2.7 m,225.0 kg
816,700,Sylveon,Fairy,,525,95,65,65,110,130,60,Intertwining Pokémon,1.0 m,23.5 kg
817,701,Hawlucha,Fighting,Flying,500,78,92,75,74,63,118,Wrestling Pokémon,0.8 m,21.5 kg
818,702,Dedenne,Electric,Fairy,431,67,58,57,81,67,101,Antenna Pokémon,0.2 m,2.2 kg
819,703,Carbink,Rock,Fairy,500,50,50,150,50,150,50,Jewel Pokémon,0.3 m,5.7 kg
820,704,Goomy,Dragon,,300,45,50,35,55,75,40,Soft Tissue Pokémon,0.3 m,2.8 kg
821,705,Sliggoo,Dragon,,452,68,75,53,83,113,60,Soft Tissue Pokémon,0.8 m,17.5 kg
822,706,Goodra,Dragon,,600,90,100,70,110,150,80,Dragon Pokémon,2.0 m,150.5 kg
823,707,Klefki,Steel,Fairy,470,57,80,91,80,87,75,Key Ring Pokémon,0.2 m,3.0 kg
824,708,Phantump,Ghost,Grass,309,43,70,48,50,60,38,Stump Pokémon,0.4 m,7.0 kg
825,709,Trevenant,Ghost,Grass,474,85,110,76,65,82,56,Elder Tree Pokémon,1.5 m,71.0 kg
826,710,Pumpkaboo(Average Size),Ghost,Grass,335,49,66,70,44,55,51,Pumpkin Pokémon,0.4 m,5.0 kg
827,710,Pumpkaboo(Small Size),Ghost,Grass,335,44,66,70,44,55,56,Pumpkin Pokémon,0.3 m,3.5 kg
828,710,Pumpkaboo(Large Size),Ghost,Grass,335,54,66,70,44,55,46,Pumpkin Pokémon,0.5 m,7.5 kg
829,710,Pumpkaboo(Super Size),Ghost,Grass,335,59,66,70,44,55,41,Pumpkin Pokémon,0.8 m,15.0 kg
830,711,Gourgeist(Average Size),Ghost,Grass,494,65,90,122,58,75,84,Pumpkin Pokémon,0.9 m,12.5 kg
831,711,Gourgeist(Small Size),Ghost,Grass,494,55,85,122,58,75,99,Pumpkin Pokémon,0.7 m,9.5 kg
832,711,Gourgeist(Large Size),Ghost,Grass,494,75,95,122,58,75,69,Pumpkin Pokémon,1.1 m,14.0 kg
833,711,Gourgeist(Super Size),Ghost,Grass,494,85,100,122,58,75,54,Pumpkin Pokémon,1.7 m,39.0 kg
834,712,Bergmite,Ice,,304,55,69,85,32,35,28,Ice Chunk Pokémon,1.0 m,99.5 kg
835,713,Avalugg,Ice,,514,95,117,184,44,46,28,Iceberg Pokémon,2.0 m,505.0 kg
836,714,Noibat,Flying,Dragon,245,40,30,35,45,40,55,Sound Wave Pokémon,0.5 m,8.0 kg
837,715,Noivern,Flying,Dragon,535,85,70,80,97,80,123,Sound Wave Pokémon,1.5 m,85.0 kg
838,716,Xerneas,Fairy,,680,126,131,95,131,98,99,Life Pokémon,3.0 m,215.0 kg
839,717,Yveltal,Dark,Flying,680,126,131,95,131,98,99,Destruction Pokémon,5.8 m,203.0 kg
840,718,Zygarde(50% Forme),Dragon,Ground,600,108,100,121,81,95,95,Order Pokémon,5.0 m,305.0 kg
841,718,Zygarde(10% Forme),Dragon,Ground,486,54,100,71,61,85,115,Order Pokémon,1.2 m,33.5 kg
842,718,Zygarde(Complete Forme),Dragon,Ground,708,216,100,121,91,95,85,Order Pokémon,4.5 m,610.0 kg
843,719,Diancie,Rock,Fairy,600,50,100,150,100,150,50,Jewel Pokémon,0.7 m,8.8 kg
844,719,Diancie(Mega Diancie),Rock,Fairy,700,50,160,110,160,110,110,Jewel Pokémon,1.1 m,27.8 kg
845,720,Hoopa(Hoopa Confined),Psychic,Ghost,600,80,110,60,150,130,70,Mischief Pokémon,0.5 m,9.0 kg
846,720,Hoopa(Hoopa Unbound),Psychic,Dark,680,80,160,60,170,130,80,Djinn Pokémon,6.5 m,490.0 kg
847,721,Volcanion,Fire,Water,600,80,110,120,130,90,70,Steam Pokémon,1.7 m,195.0 kg
848,722,Rowlet,Grass,Flying,320,68,55,55,50,50,42,Grass Quill Pokémon,0.3 m,1.5 kg
849,723,Dartrix,Grass,Flying,420,78,75,75,70,70,52,Blade Quill Pokémon,0.7 m,16.0 kg
850,724,Decidueye,Grass,Ghost,530,78,107,75,100,100,70,Arrow Quill Pokémon,1.6 m,36.6 kg
851,725,Litten,Fire,,320,45,65,40,60,40,70,Fire Cat Pokémon,0.4 m,4.3 kg
852,726,Torracat,Fire,,420,65,85,50,80,50,90,Fire Cat Pokémon,0.7 m,25.0 kg
853,727,Incineroar,Fire,Dark,530,95,115,90,80,90,60,Heel Pokémon,1.8 m,83.0 kg
854,728,Popplio,Water,,320,50,54,54,66,56,40,Sea Lion Pokémon,0.4 m,7.5 kg
855,729,Brionne,Water,,420,60,69,69,91,81,50,Pop Star Pokémon,0.6 m,17.5 kg
856,730,Primarina,Water,Fairy,530,80,74,74,126,116,60,Soloist Pokémon,1.8 m,44.0 kg
857,731,Pikipek,Normal,Flying,265,35,75,30,30,30,65,Woodpecker Pokémon,0.3 m,1.2 kg
858,732,Trumbeak,Normal,Flying,355,55,85,50,40,50,75,Bugle Beak Pokémon,0.6 m,14.8 kg
859,733,Toucannon,Normal,Flying,485,80,120,75,75,75,60,Cannon Pokémon,1.1 m,26.0 kg
860,734,Yungoos,Normal,,253,48,70,30,30,30,45,Loitering Pokémon,0.4 m,6.0 kg
861,735,Gumshoos,Normal,,418,88,110,60,55,60,45,Stakeout Pokémon,0.7 m,14.2 kg
862,736,Grubbin,Bug,,300,47,62,45,55,45,46,Larva Pokémon,0.4 m,4.4 kg
863,737,Charjabug,Bug,Electric,400,57,82,95,55,75,36,Battery Pokémon,0.5 m,10.5 kg
864,738,Vikavolt,Bug,Electric,500,77,70,90,145,75,43,Stag Beetle Pokémon,1.5 m,45.0 kg
865,739,Crabrawler,Fighting,,338,47,82,57,42,47,63,Boxing Pokémon,0.6 m,7.0 kg
866,740,Crabominable,Fighting,Ice,478,97,132,77,62,67,43,Woolly Crab Pokémon,1.7 m,180.0 kg
867,741,Oricorio(Baile Style),Fire,Flying,476,75,70,70,98,70,93,Dancing Pokémon,0.6 m,3.4 kg
868,741,Oricorio(Pom-Pom Style),Electric,Flying,476,75,70,70,98,70,93,Dancing Pokémon,0.6 m,3.4 kg
869,741,Oricorio(Pa'u Style),Psychic,Flying,476,75,70,70,98,70,93,Dancing Pokémon,0.6 m,3.4 kg
870,741,Oricorio(Sensu Style),Ghost,Flying,476,75,70,70,98,70,93,Dancing Pokémon,0.6 m,3.4 kg
871,742,Cutiefly,Bug,Fairy,304,40,45,40,55,40,84,Bee Fly Pokémon,0.1 m,0.2 kg
872,743,Ribombee,Bug,Fairy,464,60,55,60,95,70,124,Bee Fly Pokémon,0.2 m,0.5 kg
873,744,Rockruff,Rock,,280,45,65,40,30,40,60,Puppy Pokémon,0.5 m,9.2 kg
874,744,Rockruff(Own Tempo Rockruff),Rock,,280,45,65,40,30,40,60,Puppy Pokémon,0.5 m,9.2 kg
875,745,Lycanroc(Midday Form),Rock,,487,75,115,65,55,65,112,Wolf Pokémon,0.8 m,25.0 kg
876,745,Lycanroc(Midnight Form),Rock,,487,85,115,75,55,75,82,Wolf Pokémon,1.1 m,25.0 kg
877,745,Lycanroc(Dusk Form),Rock,,487,75,117,65,55,65,110,Wolf Pokémon,0.8 m,25.0 kg
878,746,Wishiwashi(Solo Form),Water,,175,45,20,20,25,25,40,Small Fry Pokémon,0.2 m,0.3 kg
879,746,Wishiwashi(School Form),Water,,620,45,140,130,140,135,30,Small Fry Pokémon,8.2 m,78.6 kg
880,747,Mareanie,Poison,Water,305,50,53,62,43,52,45,Brutal Star Pokémon,0.4 m,8.0 kg
881,748,Toxapex,Poison,Water,495,50,63,152,53,142,35,Brutal Star Pokémon,0.7 m,14.5 kg
882,749,Mudbray,Ground,,385,70,100,70,45,55,45,Donkey Pokémon,1.0 m,110.0 kg
883,750,Mudsdale,Ground,,500,100,125,100,55,85,35,Draft Horse Pokémon,2.5 m,920.0 kg
884,751,Dewpider,Water,Bug,269,38,40,52,40,72,27,Water Bubble Pokémon,0.3 m,4.0 kg
885,752,Araquanid,Water,Bug,454,68,70,92,50,132,42,Water Bubble Pokémon,1.8 m,82.0 kg
886,753,Fomantis,Grass,,250,40,55,35,50,35,35,Sickle Grass Pokémon,0.3 m,1.5 kg
887,754,Lurantis,Grass,,480,70,105,90,80,90,45,Bloom Sickle Pokémon,0.9 m,18.5 kg
888,755,Morelull,Grass,Fairy,285,40,35,55,65,75,15,Illuminating Pokémon,0.2 m,1.5 kg
889,756,Shiinotic,Grass,Fairy,405,60,45,80,90,100,30,Illuminating Pokémon,1.0 m,11.5 kg
890,757,Salandit,Poison,Fire,320,48,44,40,71,40,77,Toxic Lizard Pokémon,0.6 m,4.8 kg
891,758,Salazzle,Poison,Fire,480,68,64,60,111,60,117,Toxic Lizard Pokémon,1.2 m,22.2 kg
892,759,Stufful,Normal,Fighting,340,70,75,50,45,50,50,Flailing Pokémon,0.5 m,6.8 kg
893,760,Bewear,Normal,Fighting,500,120,125,80,55,60,60,Strong Arm Pokémon,2.1 m,135.0 kg
894,761,Bounsweet,Grass,,210,42,30,38,30,38,32,Fruit Pokémon,0.3 m,3.2 kg
895,762,Steenee,Grass,,290,52,40,48,40,48,62,Fruit Pokémon,0.7 m,8.2 kg
896,763,Tsareena,Grass,,510,72,120,98,50,98,72,Fruit Pokémon,1.2 m,21.4 kg
897,764,Comfey,Fairy,,485,51,52,90,82,110,100,Posy Picker Pokémon,0.1 m,0.3 kg
898,765,Oranguru,Normal,Psychic,490,90,60,80,90,110,60,Sage Pokémon,1.5 m,76.0 kg
899,766,Passimian,Fighting,,490,100,120,90,40,60,80,Teamwork Pokémon,2.0 m,82.8 kg
900,767,Wimpod,Bug,Water,230,25,35,40,20,30,80,Turn Tail Pokémon,0.5 m,12.0 kg
901,768,Golisopod,Bug,Water,530,75,125,140,60,90,40,Hard Scale Pokémon,2.0 m,108.0 kg
902,769,Sandygast,Ghost,Ground,320,55,55,80,70,45,15,Sand Heap Pokémon,0.5 m,70.0 kg
903,770,Palossand,Ghost,Ground,480,85,75,110,100,75,35,Sand Castle Pokémon,1.3 m,250.0 kg
904,771,Pyukumuku,Water,,410,55,60,130,30,130,5,Sea Cucumber Pokémon,0.3 m,1.2 kg
905,772,Type: Null,Normal,,534,95,95,95,95,95,59,Synthetic Pokémon,1.9 m,120.5 kg
906,773,Silvally,Normal,,570,95,95,95,95,95,95,Synthetic Pokémon,2.3 m,100.5 kg
907,774,Minior(Meteor Form),Rock,Flying,440,60,60,100,60,100,60,Meteor Pokémon,0.3 m,40.0 kg
908,774,Minior(Core Form),Rock,Flying,500,60,100,60,100,60,120,Meteor Pokémon,0.3 m,0.3 kg
909,775,Komala,Normal,,480,65,115,65,75,95,65,Drowsing Pokémon,0.4 m,19.9 kg
910,776,Turtonator,Fire,Dragon,485,60,78,135,91,85,36,Blast Turtle Pokémon,2.0 m,212.0 kg
911,777,Togedemaru,Electric,Steel,435,65,98,63,40,73,96,Roly-Poly Pokémon,0.3 m,3.3 kg
912,778,Mimikyu,Ghost,Fairy,476,55,90,80,50,105,96,Disguise Pokémon,0.2 m,0.7 kg
913,779,Bruxish,Water,Psychic,475,68,105,70,70,70,92,Gnash Teeth Pokémon,0.9 m,19.0 kg
914,780,Drampa,Normal,Dragon,485,78,60,85,135,91,36,Placid Pokémon,3.0 m,185.0 kg
915,781,Dhelmise,Ghost,Grass,517,70,131,100,86,90,40,Sea Creeper Pokémon,3.9 m,210.0 kg
916,782,Jangmo-o,Dragon,,300,45,55,65,45,45,45,Scaly Pokémon,0.6 m,29.7 kg
917,783,Hakamo-o,Dragon,Fighting,420,55,75,90,65,70,65,Scaly Pokémon,1.2 m,47.0 kg
918,784,Kommo-o,Dragon,Fighting,600,75,110,125,100,105,85,Scaly Pokémon,1.6 m,78.2 kg
919,785,Tapu Koko,Electric,Fairy,570,70,115,85,95,75,130,Land Spirit Pokémon,1.8 m,20.5 kg
920,786,Tapu Lele,Psychic,Fairy,570,70,85,75,130,115,95,Land Spirit Pokémon,1.2 m,18.6 kg
921,787,Tapu Bulu,Grass,Fairy,570,70,130,115,85,95,75,Land Spirit Pokémon,1.9 m,45.5 kg
922,788,Tapu Fini,Water,Fairy,570,70,75,115,95,130,85,Land Spirit Pokémon,1.3 m,21.2 kg
923,789,Cosmog,Psychic,,200,43,29,31,29,31,37,Nebula Pokémon,0.2 m,0.1 kg
924,790,Cosmoem,Psychic,,400,43,29,131,29,131,37,Protostar Pokémon,0.1 m,999.9 kg
925,791,Solgaleo,Psychic,Steel,680,137,137,107,113,89,97,Sunne Pokémon,3.4 m,230.0 kg
926,792,Lunala,Psychic,Ghost,680,137,113,89,137,107,97,Moone Pokémon,4.0 m,120.0 kg
927,793,Nihilego,Rock,Poison,570,109,53,47,127,131,103,Parasite Pokémon,1.2 m,55.5 kg
928,794,Buzzwole,Bug,Fighting,570,107,139,139,53,53,79,Swollen Pokémon,2.4 m,333.6 kg
929,795,Pheromosa,Bug,Fighting,570,71,137,37,137,37,151,Lissome Pokémon,1.8 m,25.0 kg
930,796,Xurkitree,Electric,,570,83,89,71,173,71,83,Glowing Pokémon,3.8 m,100.0 kg
931,797,Celesteela,Steel,Flying,570,97,101,103,107,101,61,Launch Pokémon,9.2 m,999.9 kg
932,798,Kartana,Grass,Steel,570,59,181,131,59,31,109,Drawn Sword Pokémon,0.3 m,0.1 kg
933,799,Guzzlord,Dark,Dragon,570,223,101,53,97,53,43,Junkivore Pokémon,5.5 m,888.0 kg
934,800,Necrozma,Psychic,,600,97,107,101,127,89,79,Prism Pokémon,2.4 m,230.0 kg
935,800,Necrozma(Dusk Mane Necrozma),Psychic,Steel,680,97,157,127,113,109,77,Prism Pokémon,3.8 m,460.0 kg
936,800,Necrozma(Dawn Wings Necrozma),Psychic,Ghost,680,97,113,109,157,127,77,Prism Pokémon,4.2 m,350.0 kg
937,800,Necrozma(Ultra Necrozma),Psychic,Dragon,754,97,167,97,167,97,129,Prism Pokémon,7.5 m,230.0 kg
938,801,Magearna,Steel,Fairy,600,80,95,115,130,115,65,Artificial Pokémon,1.0 m,80.5 kg
939,802,Marshadow,Fighting,Ghost,600,90,125,80,90,90,125,Gloomdweller Pokémon,0.7 m,22.2 kg
940,803,Poipole,Poison,,420,67,73,67,73,67,73,Poison Pin Pokémon,0.6 m,1.8 kg
941,804,Naganadel,Poison,Dragon,540,73,73,73,127,73,121,Poison Pin Pokémon,3.6 m,150.0 kg
942,805,Stakataka,Rock,Steel,570,61,131,211,53,101,13,Rampart Pokémon,5.5 m,820.0 kg
943,806,Blacephalon,Fire,Ghost,570,53,127,53,151,79,107,Fireworks Pokémon,1.8 m,13.0 kg
944,807,Zeraora,Electric,,600,88,112,75,102,80,143,Thunderclap Pokémon,1.5 m,44.5 kg
945,808,Meltan,Steel,,300,46,65,65,55,35,34,Hex Nut Pokémon,0.2 m,8.0 kg
946,809,Melmetal,Steel,,600,135,143,143,80,65,34,Hex Nut Pokémon,2.5 m,800.0 kg
947,810,Grookey,Grass,,310,50,65,50,40,40,65,Chimp Pokémon,0.3 m,5.0 kg
948,811,Thwackey,Grass,,420,70,85,70,55,60,80,Beat Pokémon,0.7 m,14.0 kg
949,812,Rillaboom,Grass,,530,100,125,90,60,70,85,Drummer Pokémon,2.1 m,90.0 kg
950,813,Scorbunny,Fire,,310,50,71,40,40,40,69,Rabbit Pokémon,0.3 m,4.5 kg
951,814,Raboot,Fire,,420,65,86,60,55,60,94,Rabbit Pokémon,0.6 m,9.0 kg
952,815,Cinderace,Fire,,530,80,116,75,65,75,119,Striker Pokémon,1.4 m,33.0 kg
953,816,Sobble,Water,,310,50,40,40,70,40,70,Water Lizard Pokémon,0.3 m,4.0 kg
954,817,Drizzile,Water,,420,65,60,55,95,55,90,Water lizard Pokémon,0.7 m,11.5 kg
955,818,Inteleon,Water,,530,70,85,65,125,65,120,Secret Agent Pokémon,1.9 m,45.2 kg
956,819,Skwovet,Normal,,275,70,55,55,35,35,25,Cheeky Pokémon,0.3 m,2.5 kg
957,820,Greedent,Normal,,460,120,95,95,55,75,20,Greedy Pokémon,0.6 m,6.0 kg
958,821,Rookidee,Flying,,245,38,47,35,33,35,57,Tiny Bird Pokémon,0.2 m,1.8 kg
959,822,Corvisquire,Flying,,365,68,67,55,43,55,77,Raven Pokémon,0.8 m,16.0 kg
960,823,Corviknight,Flying,Steel,495,98,87,105,53,85,67,Raven Pokémon,2.2 m,75.0 kg
961,824,Blipbug,Bug,,180,25,20,20,25,45,45,Larva Pokémon,0.4 m,8.0 kg
962,825,Dottler,Bug,Psychic,335,50,35,80,50,90,30,Radome Pokémon,0.4 m,19.5 kg
963,826,Orbeetle,Bug,Psychic,505,60,45,110,80,120,90,Seven Spot Pokémon,0.4 m,40.8 kg
964,827,Nickit,Dark,,245,40,28,28,47,52,50,Fox Pokémon,0.6 m,8.9 kg
965,828,Thievul,Dark,,455,70,58,58,87,92,90,Fox Pokémon,1.2 m,19.9 kg
966,829,Gossifleur,Grass,,250,40,40,60,40,60,10,Flowering Pokémon,0.4 m,2.2 kg
967,830,Eldegoss,Grass,,460,60,50,90,80,120,60,Cotton Bloom Pokémon,0.5 m,2.5 kg
968,831,Wooloo,Normal,,270,42,40,55,40,45,48,Sheep Pokémon,0.6 m,6.0 kg
969,832,Dubwool,Normal,,490,72,80,100,60,90,88,Sheep Pokémon,1.3 m,43.0 kg
970,833,Chewtle,Water,,284,50,64,50,38,38,44,Snapping Pokémon,0.3 m,8.5 kg
971,834,Drednaw,Water,Rock,485,90,115,90,48,68,74,Bite Pokémon,1.0 m,115.5 kg
972,835,Yamper,Electric,,270,59,45,50,40,50,26,Puppy Pokémon,0.3 m,13.5 kg
973,836,Boltund,Electric,,490,69,90,60,90,60,121,Dog Pokémon,1.0 m,34.0 kg
974,837,Rolycoly,Rock,,240,30,40,50,40,50,30,Coal Pokémon,0.3 m,12.0 kg
975,838,Carkol,Rock,Fire,410,80,60,90,60,70,50,Coal Pokémon,1.1 m,78.0 kg
976,839,Coalossal,Rock,Fire,510,110,80,120,80,90,30,Coal Pokémon,2.8 m,310.5 kg
977,840,Applin,Grass,Dragon,260,40,40,80,40,40,20,Apple Core Pokémon,0.2 m,0.5 kg
978,841,Flapple,Grass,Dragon,485,70,110,80,95,60,70,Apple Wing Pokémon,0.3 m,1.0 kg
979,842,Appletun,Grass,Dragon,485,110,85,80,100,80,30,Apple Nectar Pokémon,0.4 m,13.0 kg
980,843,Silicobra,Ground,,315,52,57,75,35,50,46,Sand Snake Pokémon,2.2 m,7.6 kg
981,844,Sandaconda,Ground,,510,72,107,125,65,70,71,Sand Snake Pokémon,3.8 m,65.5 kg
982,845,Cramorant,Flying,Water,475,70,85,55,85,95,85,Gulp Pokémon,0.8 m,18.0 kg
983,846,Arrokuda,Water,,280,41,63,40,40,30,66,Rush Pokémon,0.5 m,1.0 kg
984,847,Barraskewda,Water,,490,61,123,60,60,50,136,Skewer Pokémon,1.3 m,30.0 kg
985,848,Toxel,Electric,Poison,242,40,38,35,54,35,40,Baby Pokémon,0.4 m,11.0 kg
986,849,Toxtricity(Low Key Form),Electric,Poison,502,75,98,70,114,70,75,Punk Pokémon,1.6 m,40.0 kg
987,849,Toxtricity(Amped Form),Electric,Poison,502,75,98,70,114,70,75,Punk Pokémon,1.6 m,40.0 kg
988,850,Sizzlipede,Fire,Bug,305,50,65,45,50,50,45,Radiator Pokémon,0.7 m,1.0 kg
989,851,Centiskorch,Fire,Bug,525,100,115,65,90,90,65,Radiator Pokémon,3.0 m,120.0 kg
990,852,Clobbopus,Fighting,,310,50,68,60,50,50,32,Tantrum Pokémon,0.6 m,4.0 kg
991,853,Grapploct,Fighting,,480,80,118,90,70,80,42,Tantrum Pokémon,1.6 m,39.0 kg
992,854,Sinistea,Ghost,,308,40,45,45,74,54,50,Black Tea Pokémon,0.1 m,0.2 kg
993,855,Polteageist,Ghost,,508,60,65,65,134,114,70,Black Tea Pokémon,0.2 m,0.4 kg
994,856,Hatenna,Psychic,,265,42,30,45,56,53,39,Calm Pokémon,0.4 m,3.4 kg
995,857,Hattrem,Psychic,,370,57,40,65,86,73,49,Serene Pokémon,0.6 m,4.8 kg
996,858,Hatterene,Psychic,Fairy,510,57,90,95,136,103,29,Silent Pokémon,2.1 m,5.0 kg
997,859,Impidimp,Dark,Fairy,265,45,45,30,55,40,50,Wily Pokémon,0.4 m,5.5 kg
998,860,Morgrem,Dark,Fairy,370,65,60,45,75,55,70,Devious Pokémon,0.8 m,12.5 kg
999,861,Grimmsnarl,Dark,Fairy,510,95,120,65,95,75,60,Bulk Up Pokémon,1.5 m,61.0 kg
1000,862,Obstagoon,Dark,Normal,520,93,90,101,60,81,95,Blocking Pokémon,1.6 m,46.0 kg
1001,863,Perrserker,Steel,,440,70,110,100,50,60,50,Viking Pokémon,0.8 m,28.0 kg
1002,864,Cursola,Ghost,,510,60,95,50,145,130,30,Coral Pokémon,1.0 m,0.4 kg
1003,865,Sirfetch'd,Fighting,,507,62,135,95,68,82,65,Wild Duck Pokémon,0.8 m,117.0 kg
1004,866,Mr. Rime,Ice,Psychic,520,80,85,75,110,100,70,Comedian Pokémon,1.5 m,58.2 kg
1005,867,Runerigus,Ground,Ghost,483,58,95,145,50,105,30,Grudge Pokémon,1.6 m,66.6 kg
1006,868,Milcery,Fairy,,270,45,40,40,50,61,34,Cream Pokémon,0.2 m,0.3 kg
1007,869,Alcremie,Fairy,,495,65,60,75,110,121,64,Cream Pokémon,0.3 m,0.5 kg
1008,870,Falinks,Fighting,,470,65,100,100,70,60,75,Formation Pokémon,3.0 m,62.0 kg
1009,871,Pincurchin,Electric,,435,48,101,95,91,85,15,Sea Urchin Pokémon,0.3 m,1.0 kg
1010,872,Snom,Ice,Bug,185,30,25,35,45,30,20,Worm Pokémon,0.3 m,3.8 kg
1011,873,Frosmoth,Ice,Bug,475,70,65,60,125,90,65,Frost Moth Pokémon,1.3 m,42.0 kg
1012,874,Stonjourner,Rock,,470,100,125,135,20,20,70,Big Rock Pokémon,2.5 m,520.0 kg
1013,875,Eiscue(Ice Face),Ice,,470,75,80,110,65,90,50,Penguin Pokémon,1.4 m,89.0 kg
1014,875,Eiscue(Noice Face),Ice,,470,75,80,70,65,50,130,Penguin Pokémon,1.4 m,89.0 kg
1015,876,Indeedee(Male),Psychic,Normal,475,60,65,55,105,95,95,Emotion Pokémon,0.9 m,28.0 kg
1016,876,Indeedee(Female),Psychic,Normal,475,70,55,65,95,105,85,Emotion Pokémon,0.9 m,28.0 kg
1017,877,Morpeko(Full Belly Mode),Electric,Dark,436,58,95,58,70,58,97,Two-Sided Pokémon,0.3 m,3.0 kg
1018,877,Morpeko(Hangry Mode),Electric,Dark,436,58,95,58,70,58,97,Two-Sided Pokémon,0.3 m,3.0 kg
1019,878,Cufant,Steel,,330,72,80,49,40,49,40,Copperderm Pokémon,1.2 m,100.0 kg
1020,879,Copperajah,Steel,,500,122,130,69,80,69,30,Copperderm Pokémon,3.0 m,650.0 kg
1021,880,Dracozolt,Electric,Dragon,505,90,100,90,80,70,75,Fossil Pokémon,1.8 m,190.0 kg
1022,881,Arctozolt,Electric,Ice,505,90,100,90,90,80,55,Fossil Pokémon,2.3 m,150.0 kg
1023,882,Dracovish,Water,Dragon,505,90,90,100,70,80,75,Fossil Pokémon,2.3 m,215.0 kg
1024,883,Arctovish,Water,Ice,505,90,90,100,80,90,55,Fossil Pokémon,2.0 m,175.0 kg
1025,884,Duraludon,Steel,Dragon,535,70,95,115,120,50,85,Alloy Pokémon,1.8 m,40.0 kg
1026,885,Dreepy,Dragon,Ghost,270,28,60,30,40,30,82,Lingering Pokémon,0.5 m,2.0 kg
1027,886,Drakloak,Dragon,Ghost,410,68,80,50,60,50,102,Caretaker Pokémon,1.4 m,11.0 kg
1028,887,Dragapult,Dragon,Ghost,600,88,120,75,100,75,142,Stealth Pokémon,3.0 m,50.0 kg
1029,888,Zacian(Crowned Sword),Fairy,Steel,720,92,170,115,80,115,148,Warrior Pokémon,2.8 m,355.0 kg
1030,888,Zacian(Hero of Many Battles),Fairy,,670,92,130,115,80,115,138,Warrior Pokémon,2.8 m,110.0 kg
1031,889,Zamazenta(Crowned Shield),Fighting,Steel,720,92,130,145,80,145,128,Warrior Pokémon,2.9 m,785.0 kg
1032,889,Zamazenta(Hero of Many Battles),Fighting,,670,92,130,115,80,115,138,Warrior Pokémon,2.9 m,210.0 kg
1033,890,Eternatus,Poison,Dragon,690,140,85,95,145,95,130,Gigantic Pokémon,20.0 m,950.0 kg
1034,890,Eternatus(Eternamax),Poison,Dragon,1125,255,115,250,125,250,130,Gigantic Pokémon,100.0 m,— kg
1035,891,Kubfu,Fighting,,385,60,90,60,53,50,72,Wushu Pokémon,0.6 m,12.0 kg
1036,892,Urshifu(Single Strike Style),Fighting,Dark,550,100,130,100,63,60,97,Wushu Pokémon,1.9 m,105.0 kg
1037,892,Urshifu(Rapid Strike Style),Fighting,Water,550,100,130,100,63,60,97,Wushu Pokémon,1.9 m,105.0 kg
1038,893,Zarude,Dark,Grass,600,105,120,105,70,95,105,Rogue Monkey Pokémon,1.8 m,70.0 kg
1039,894,Regieleki,Electric,,580,80,100,50,100,50,200,Electron Pokémon,1.2 m,145.0 kg
1040,895,Regidrago,Dragon,,580,200,100,50,100,50,80,Dragon Orb Pokémon,2.1 m,200.0 kg
1041,896,Glastrier,Ice,,580,100,145,130,65,110,30,Wild Horse Pokémon,2.2 m,800.0 kg
1042,897,Spectrier,Ghost,,580,100,65,60,145,80,130,Swift Horse Pokémon,2.0 m,44.5 kg
1043,898,Calyrex,Psychic,Grass,500,100,80,80,80,80,80,King Pokémon,1.1 m,7.7 kg
1044,898,Calyrex(Ice Rider),Psychic,Ice,680,100,165,150,85,130,50,King Pokémon,2.4 m,809.1 kg
1045,898,Calyrex(Shadow Rider),Psychic,Ghost,680,100,85,80,165,100,150,King Pokémon,2.4 m,53.6 kg
